2025-07-09 21:46:50,702 - api.auth_routes - ERROR - Error en registro: Could not determine join condition between parent/child tables on relationship User.subscriptions - there are no foreign keys linking these tables.  Ensure that referencing columns are associated with a ForeignKey or ForeignKeyConstraint, or specify a 'primaryjoin' expression.
2025-07-09 21:48:38,509 - api.auth_routes - ERROR - Error en registro: Could not determine join condition between parent/child tables on relationship User.subscriptions - there are no foreign keys linking these tables.  Ensure that referencing columns are associated with a ForeignKey or ForeignKeyConstraint, or specify a 'primaryjoin' expression.
2025-07-10 11:53:09,472 - api.auth_routes - ERROR - Error en login: (MySQLdb.OperationalError) (1045, "Access denied for user 'root'@'localhost' (using password: NO)")
(Background on this error at: https://sqlalche.me/e/20/e3q8)
2025-07-10 11:53:21,001 - api.auth_routes - ERROR - Error en login: (MySQLdb.OperationalError) (1045, "Access denied for user 'root'@'localhost' (using password: NO)")
(Background on this error at: https://sqlalche.me/e/20/e3q8)
2025-07-10 11:56:03,495 - api.auth_routes - ERROR - Error en login: (MySQLdb.OperationalError) (1045, "Access denied for user 'root'@'localhost' (using password: NO)")
(Background on this error at: https://sqlalche.me/e/20/e3q8)
2025-07-10 11:57:26,797 - main - INFO - Iniciando AI Trading System...
2025-07-10 11:57:26,797 - main - INFO - AI Trading System iniciado correctamente
2025-07-10 11:57:37,138 - main - INFO - Deteniendo AI Trading System...
2025-07-10 11:57:43,195 - main - INFO - Iniciando AI Trading System...
2025-07-10 11:57:43,197 - main - INFO - AI Trading System iniciado correctamente
2025-07-10 11:57:52,755 - main - INFO - Deteniendo AI Trading System...
2025-07-10 11:57:58,357 - main - INFO - Iniciando AI Trading System...
2025-07-10 11:57:58,358 - main - INFO - AI Trading System iniciado correctamente
2025-07-10 11:57:59,746 - main - INFO - Deteniendo AI Trading System...
2025-07-10 11:58:11,009 - main - INFO - Iniciando AI Trading System...
2025-07-10 11:58:11,012 - main - INFO - AI Trading System iniciado correctamente
2025-07-10 11:58:16,439 - main - INFO - Deteniendo AI Trading System...
2025-07-10 11:58:21,374 - main - INFO - Iniciando AI Trading System...
2025-07-10 11:58:21,375 - main - INFO - AI Trading System iniciado correctamente
2025-07-10 12:03:50,556 - main - INFO - Deteniendo AI Trading System...
2025-07-10 12:03:55,689 - main - INFO - Iniciando AI Trading System...
2025-07-10 12:03:55,689 - main - INFO - AI Trading System iniciado correctamente
2025-07-10 12:04:35,300 - api.auth_routes - ERROR - Error en login: (MySQLdb.OperationalError) (1045, "Access denied for user 'root'@'localhost' (using password: NO)")
(Background on this error at: https://sqlalche.me/e/20/e3q8)
2025-07-10 12:04:45,612 - api.auth_routes - ERROR - Error en login: (MySQLdb.OperationalError) (1045, "Access denied for user 'root'@'localhost' (using password: NO)")
(Background on this error at: https://sqlalche.me/e/20/e3q8)
2025-07-10 12:05:46,184 - main - INFO - Deteniendo AI Trading System...
2025-07-10 12:05:51,744 - main - INFO - Iniciando AI Trading System...
2025-07-10 12:05:51,745 - main - INFO - AI Trading System iniciado correctamente
2025-07-10 12:05:52,275 - main - INFO - Deteniendo AI Trading System...
2025-07-10 12:05:57,063 - main - INFO - Iniciando AI Trading System...
2025-07-10 12:05:57,063 - main - INFO - AI Trading System iniciado correctamente
2025-07-10 12:06:01,974 - main - INFO - Deteniendo AI Trading System...
2025-07-10 12:06:07,390 - main - INFO - Iniciando AI Trading System...
2025-07-10 12:06:07,391 - main - INFO - AI Trading System iniciado correctamente
2025-07-10 12:06:15,636 - main - INFO - Deteniendo AI Trading System...
2025-07-10 12:06:21,980 - main - INFO - Iniciando AI Trading System...
2025-07-10 12:06:21,982 - main - INFO - AI Trading System iniciado correctamente
2025-07-10 12:06:23,181 - main - INFO - Deteniendo AI Trading System...
2025-07-10 12:06:27,015 - main - INFO - Iniciando AI Trading System...
2025-07-10 12:06:27,016 - main - INFO - AI Trading System iniciado correctamente
2025-07-10 12:06:31,273 - main - INFO - Deteniendo AI Trading System...
2025-07-10 12:06:35,969 - main - INFO - Iniciando AI Trading System...
2025-07-10 12:06:35,969 - main - INFO - AI Trading System iniciado correctamente
2025-07-10 12:06:40,516 - main - INFO - Deteniendo AI Trading System...
2025-07-10 12:06:45,532 - main - INFO - Iniciando AI Trading System...
2025-07-10 12:06:45,533 - main - INFO - AI Trading System iniciado correctamente
2025-07-10 12:06:45,873 - main - INFO - Deteniendo AI Trading System...
2025-07-10 12:06:50,887 - main - INFO - Iniciando AI Trading System...
2025-07-10 12:06:50,888 - main - INFO - AI Trading System iniciado correctamente
2025-07-10 12:07:05,501 - api.auth_routes - ERROR - Error en login: (MySQLdb.OperationalError) (1045, "Access denied for user 'root'@'localhost' (using password: NO)")
(Background on this error at: https://sqlalche.me/e/20/e3q8)
2025-07-10 12:07:29,844 - api.auth_routes - ERROR - Error en login: (MySQLdb.OperationalError) (1045, "Access denied for user 'root'@'localhost' (using password: NO)")
(Background on this error at: https://sqlalche.me/e/20/e3q8)
2025-07-10 12:08:48,963 - main - INFO - Deteniendo AI Trading System...
2025-07-10 12:08:59,546 - main - INFO - Iniciando AI Trading System...
2025-07-10 12:08:59,547 - main - INFO - AI Trading System iniciado correctamente
2025-07-10 12:09:16,137 - main - INFO - Deteniendo AI Trading System...
2025-07-10 12:09:28,580 - main - INFO - Iniciando AI Trading System...
2025-07-10 12:09:28,580 - main - INFO - AI Trading System iniciado correctamente
2025-07-10 12:09:52,273 - main - INFO - Deteniendo AI Trading System...
2025-07-10 12:10:02,625 - main - INFO - Iniciando AI Trading System...
2025-07-10 12:10:02,625 - main - INFO - AI Trading System iniciado correctamente
2025-07-10 12:58:54,927 - main - INFO - Deteniendo AI Trading System...
2025-07-10 12:59:12,190 - main - INFO - Iniciando AI Trading System...
2025-07-10 12:59:12,191 - main - INFO - AI Trading System iniciado correctamente
2025-07-10 12:59:19,889 - main - INFO - Iniciando AI Trading System...
2025-07-10 12:59:19,889 - main - INFO - AI Trading System iniciado correctamente
2025-07-10 13:01:45,730 - main - INFO - Deteniendo AI Trading System...
2025-07-10 13:02:03,241 - main - INFO - Iniciando AI Trading System...
2025-07-10 13:02:03,242 - main - INFO - AI Trading System iniciado correctamente
2025-07-10 13:15:55,045 - main - INFO - Deteniendo AI Trading System...
2025-07-10 13:16:13,188 - main - INFO - Iniciando AI Trading System...
2025-07-10 13:16:13,189 - main - INFO - AI Trading System iniciado correctamente
2025-07-10 13:16:16,217 - httpx - INFO - HTTP Request: GET https://finnhub.io/api/v1/forex/candle?symbol=OANDA:EUR_USD&resolution=15&from=1752081373&to=1752171373&token=d1nvqv1r01qtrauu8fggd1nvqv1r01qtrauu8fh0 "HTTP/1.1 403 Forbidden"
2025-07-10 13:16:38,439 - httpx - INFO - HTTP Request: GET https://finnhub.io/api/v1/forex/candle?symbol=OANDA:EUR_USD&resolution=15&from=1752081397&to=1752171397&token=d1nvqv1r01qtrauu8fggd1nvqv1r01qtrauu8fh0 "HTTP/1.1 403 Forbidden"
2025-07-10 13:18:29,681 - httpx - INFO - HTTP Request: GET https://finnhub.io/api/v1/forex/candle?symbol=OANDA:EUR_USD&resolution=15&from=1752081507&to=1752171507&token=d1nvqv1r01qtrauu8fggd1nvqv1r01qtrauu8fh0 "HTTP/1.1 403 Forbidden"
2025-07-10 13:18:32,015 - httpx - INFO - HTTP Request: GET https://finnhub.io/api/v1/forex/candle?symbol=OANDA:EUR_USD&resolution=15&from=1752081510&to=1752171510&token=d1nvqv1r01qtrauu8fggd1nvqv1r01qtrauu8fh0 "HTTP/1.1 403 Forbidden"
2025-07-10 13:18:39,497 - httpx - INFO - HTTP Request: GET https://finnhub.io/api/v1/forex/candle?symbol=OANDA:GBP_USD&resolution=15&from=1752081516&to=1752171516&token=d1nvqv1r01qtrauu8fggd1nvqv1r01qtrauu8fh0 "HTTP/1.1 403 Forbidden"
2025-07-10 13:18:39,533 - httpx - INFO - HTTP Request: GET https://finnhub.io/api/v1/forex/candle?symbol=OANDA:EUR_USD&resolution=15&from=1752081517&to=1752171517&token=d1nvqv1r01qtrauu8fggd1nvqv1r01qtrauu8fh0 "HTTP/1.1 403 Forbidden"
2025-07-10 13:33:01,780 - main - INFO - Deteniendo AI Trading System...
2025-07-10 13:33:11,943 - main - INFO - Iniciando AI Trading System...
2025-07-10 13:33:11,943 - main - INFO - AI Trading System iniciado correctamente
2025-07-10 13:33:36,462 - main - INFO - Deteniendo AI Trading System...
2025-07-10 13:33:47,648 - main - INFO - Iniciando AI Trading System...
2025-07-10 13:33:47,649 - main - INFO - AI Trading System iniciado correctamente
2025-07-10 13:34:02,539 - httpx - INFO - HTTP Request: GET https://api.twelvedata.com/time_series?symbol=EUR/USD&interval=15min&outputsize=100&apikey=701dbaae483c49ad8feaa37f72d290c6 "HTTP/1.1 200 OK"
2025-07-10 13:35:11,257 - httpx - INFO - HTTP Request: GET https://api.twelvedata.com/time_series?symbol=EUR/USD&interval=15min&outputsize=100&apikey=701dbaae483c49ad8feaa37f72d290c6 "HTTP/1.1 200 OK"
2025-07-10 13:37:31,872 - httpx - INFO - HTTP Request: GET https://api.twelvedata.com/time_series?symbol=EUR/USD&interval=15min&outputsize=100&apikey=701dbaae483c49ad8feaa37f72d290c6 "HTTP/1.1 200 OK"
2025-07-10 13:37:31,896 - httpx - INFO - HTTP Request: GET https://api.twelvedata.com/time_series?symbol=EUR/USD&interval=15min&outputsize=100&apikey=701dbaae483c49ad8feaa37f72d290c6 "HTTP/1.1 200 OK"
2025-07-10 13:40:50,065 - httpx - INFO - HTTP Request: GET https://api.twelvedata.com/price?symbol=EUR/USD&apikey=701dbaae483c49ad8feaa37f72d290c6 "HTTP/1.1 200 OK"
2025-07-10 13:40:50,068 - httpx - INFO - HTTP Request: GET https://api.twelvedata.com/time_series?symbol=EUR/USD&interval=15min&outputsize=100&apikey=701dbaae483c49ad8feaa37f72d290c6 "HTTP/1.1 200 OK"
2025-07-10 13:40:50,080 - httpx - INFO - HTTP Request: GET https://api.twelvedata.com/time_series?symbol=EUR/USD&interval=15min&outputsize=100&apikey=701dbaae483c49ad8feaa37f72d290c6 "HTTP/1.1 200 OK"
2025-07-10 13:40:50,085 - httpx - INFO - HTTP Request: GET https://api.twelvedata.com/price?symbol=EUR/USD&apikey=701dbaae483c49ad8feaa37f72d290c6 "HTTP/1.1 200 OK"
2025-07-10 13:43:09,881 - httpx - INFO - HTTP Request: GET https://api.twelvedata.com/price?symbol=EUR/USD&apikey=701dbaae483c49ad8feaa37f72d290c6 "HTTP/1.1 200 OK"
2025-07-10 13:43:10,136 - httpx - INFO - HTTP Request: GET https://api.twelvedata.com/time_series?symbol=EUR/USD&interval=15min&outputsize=100&apikey=701dbaae483c49ad8feaa37f72d290c6 "HTTP/1.1 200 OK"
2025-07-10 13:50:06,659 - httpx - INFO - HTTP Request: GET https://api.twelvedata.com/price?symbol=EUR/USD&apikey=701dbaae483c49ad8feaa37f72d290c6 "HTTP/1.1 200 OK"
2025-07-10 13:50:06,685 - httpx - INFO - HTTP Request: GET https://api.twelvedata.com/time_series?symbol=EUR/USD&interval=15min&outputsize=100&apikey=701dbaae483c49ad8feaa37f72d290c6 "HTTP/1.1 200 OK"
2025-07-10 14:18:38,918 - api.subscription_routes - ERROR - Error obteniendo suscripción: (MySQLdb.OperationalError) (2006, 'Server has gone away')
[SQL: SELECT users.user_id AS users_user_id, users.username AS users_username, users.email AS users_email, users.first_name AS users_first_name, users.last_name AS users_last_name, users.phone AS users_phone, users.password_hash AS users_password_hash, users.is_active AS users_is_active, users.is_verified AS users_is_verified, users.role AS users_role, users.timezone AS users_timezone, users.language AS users_language, users.created_at AS users_created_at, users.updated_at AS users_updated_at, users.last_login AS users_last_login 
FROM users 
WHERE users.username = %s 
 LIMIT %s]
[parameters: ('prueba1', 1)]
(Background on this error at: https://sqlalche.me/e/20/e3q8)
2025-07-10 14:18:38,956 - api.subscription_routes - ERROR - Error obteniendo suscripción: Can't reconnect until invalid transaction is rolled back.  Please rollback() fully before proceeding (Background on this error at: https://sqlalche.me/e/20/8s2b)
2025-07-10 14:19:08,380 - main - INFO - Deteniendo AI Trading System...
2025-07-10 14:19:33,327 - main - INFO - Iniciando AI Trading System...
2025-07-10 14:19:33,328 - main - INFO - AI Trading System iniciado correctamente
2025-07-10 14:19:50,461 - api.auth_routes - ERROR - Error en login: (MySQLdb.OperationalError) (2002, "Can't connect to server on 'localhost' (10061)")
(Background on this error at: https://sqlalche.me/e/20/e3q8)
2025-07-10 14:20:06,317 - api.auth_routes - ERROR - Error en login: (MySQLdb.OperationalError) (2002, "Can't connect to server on 'localhost' (10061)")
(Background on this error at: https://sqlalche.me/e/20/e3q8)
2025-07-10 14:20:52,394 - api.subscription_routes - ERROR - Error obteniendo suscripción: (MySQLdb.OperationalError) (2002, "Can't connect to server on 'localhost' (10061)")
(Background on this error at: https://sqlalche.me/e/20/e3q8)
2025-07-10 14:26:59,388 - httpx - INFO - HTTP Request: GET https://api.twelvedata.com/price?symbol=EUR/USD&apikey=701dbaae483c49ad8feaa37f72d290c6 "HTTP/1.1 200 OK"
2025-07-10 14:26:59,521 - httpx - INFO - HTTP Request: GET https://api.twelvedata.com/time_series?symbol=EUR/USD&interval=15min&outputsize=100&apikey=701dbaae483c49ad8feaa37f72d290c6 "HTTP/1.1 200 OK"
2025-07-10 14:35:58,019 - main - INFO - Deteniendo AI Trading System...
2025-07-10 14:36:45,912 - main - INFO - Iniciando AI Trading System...
2025-07-10 14:36:45,913 - main - INFO - AI Trading System iniciado correctamente
2025-07-10 14:39:59,195 - httpx - INFO - HTTP Request: GET https://api.twelvedata.com/time_series?symbol=EUR/USD&interval=15min&outputsize=100&apikey=701dbaae483c49ad8feaa37f72d290c6 "HTTP/1.1 200 OK"
2025-07-10 14:39:59,219 - httpx - INFO - HTTP Request: GET https://api.twelvedata.com/price?symbol=EUR/USD&apikey=701dbaae483c49ad8feaa37f72d290c6 "HTTP/1.1 200 OK"
2025-07-10 14:41:36,118 - httpx - INFO - HTTP Request: GET https://api.twelvedata.com/price?symbol=EUR/USD&apikey=701dbaae483c49ad8feaa37f72d290c6 "HTTP/1.1 200 OK"
2025-07-10 14:41:36,131 - httpx - INFO - HTTP Request: GET https://api.twelvedata.com/time_series?symbol=EUR/USD&interval=15min&outputsize=100&apikey=701dbaae483c49ad8feaa37f72d290c6 "HTTP/1.1 200 OK"
2025-07-10 14:41:50,537 - httpx - INFO - HTTP Request: GET https://api.twelvedata.com/price?symbol=EUR/USD&apikey=701dbaae483c49ad8feaa37f72d290c6 "HTTP/1.1 200 OK"
2025-07-10 14:42:05,899 - httpx - INFO - HTTP Request: GET https://api.twelvedata.com/price?symbol=EUR/USD&apikey=701dbaae483c49ad8feaa37f72d290c6 "HTTP/1.1 200 OK"
2025-07-10 14:42:21,160 - httpx - INFO - HTTP Request: GET https://api.twelvedata.com/price?symbol=EUR/USD&apikey=701dbaae483c49ad8feaa37f72d290c6 "HTTP/1.1 200 OK"
2025-07-10 14:42:36,315 - httpx - INFO - HTTP Request: GET https://api.twelvedata.com/price?symbol=EUR/USD&apikey=701dbaae483c49ad8feaa37f72d290c6 "HTTP/1.1 200 OK"
2025-07-10 14:42:50,757 - httpx - INFO - HTTP Request: GET https://api.twelvedata.com/price?symbol=EUR/USD&apikey=701dbaae483c49ad8feaa37f72d290c6 "HTTP/1.1 200 OK"
2025-07-10 14:43:05,829 - httpx - INFO - HTTP Request: GET https://api.twelvedata.com/price?symbol=EUR/USD&apikey=701dbaae483c49ad8feaa37f72d290c6 "HTTP/1.1 200 OK"
2025-07-10 14:43:21,585 - httpx - INFO - HTTP Request: GET https://api.twelvedata.com/price?symbol=EUR/USD&apikey=701dbaae483c49ad8feaa37f72d290c6 "HTTP/1.1 200 OK"
2025-07-10 14:43:36,553 - httpx - INFO - HTTP Request: GET https://api.twelvedata.com/price?symbol=EUR/USD&apikey=701dbaae483c49ad8feaa37f72d290c6 "HTTP/1.1 200 OK"
2025-07-10 14:43:51,315 - httpx - INFO - HTTP Request: GET https://api.twelvedata.com/price?symbol=EUR/USD&apikey=701dbaae483c49ad8feaa37f72d290c6 "HTTP/1.1 200 OK"
2025-07-10 14:44:06,542 - httpx - INFO - HTTP Request: GET https://api.twelvedata.com/price?symbol=EUR/USD&apikey=701dbaae483c49ad8feaa37f72d290c6 "HTTP/1.1 200 OK"
2025-07-10 14:44:22,847 - httpx - INFO - HTTP Request: GET https://api.twelvedata.com/price?symbol=EUR/USD&apikey=701dbaae483c49ad8feaa37f72d290c6 "HTTP/1.1 200 OK"
2025-07-10 14:44:26,205 - httpx - INFO - HTTP Request: GET https://api.twelvedata.com/time_series?symbol=EUR/USD&interval=15min&outputsize=100&apikey=701dbaae483c49ad8feaa37f72d290c6 "HTTP/1.1 200 OK"
2025-07-10 14:45:11,050 - httpx - INFO - HTTP Request: GET https://api.twelvedata.com/price?symbol=EUR/USD&apikey=701dbaae483c49ad8feaa37f72d290c6 "HTTP/1.1 200 OK"
2025-07-10 14:47:42,027 - httpx - INFO - HTTP Request: GET https://api.twelvedata.com/price?symbol=EUR/USD&apikey=701dbaae483c49ad8feaa37f72d290c6 "HTTP/1.1 200 OK"
2025-07-10 14:50:17,397 - httpx - INFO - HTTP Request: GET https://api.twelvedata.com/price?symbol=EUR/USD&apikey=701dbaae483c49ad8feaa37f72d290c6 "HTTP/1.1 200 OK"
2025-07-10 14:52:02,321 - main - INFO - Deteniendo AI Trading System...
2025-07-10 14:52:27,956 - main - INFO - Iniciando AI Trading System...
2025-07-10 14:52:27,956 - main - INFO - AI Trading System iniciado correctamente
2025-07-10 14:53:17,433 - httpx - INFO - HTTP Request: GET https://api.twelvedata.com/price?symbol=EUR/USD&apikey=701dbaae483c49ad8feaa37f72d290c6 "HTTP/1.1 200 OK"
2025-07-10 14:54:51,364 - main - INFO - Deteniendo AI Trading System...
2025-07-10 14:55:08,421 - main - INFO - Iniciando AI Trading System...
2025-07-10 14:55:08,422 - main - INFO - AI Trading System iniciado correctamente
2025-07-10 14:55:35,987 - httpx - INFO - HTTP Request: GET https://api.twelvedata.com/price?symbol=EUR/USD&apikey=701dbaae483c49ad8feaa37f72d290c6 "HTTP/1.1 200 OK"
2025-07-10 14:55:36,024 - httpx - INFO - HTTP Request: GET https://api.twelvedata.com/time_series?symbol=EUR/USD&interval=15min&outputsize=100&apikey=701dbaae483c49ad8feaa37f72d290c6 "HTTP/1.1 200 OK"
2025-07-10 14:58:27,749 - httpx - INFO - HTTP Request: GET https://api.twelvedata.com/price?symbol=EUR/USD&apikey=701dbaae483c49ad8feaa37f72d290c6 "HTTP/1.1 200 OK"
2025-07-10 15:00:29,793 - httpx - INFO - HTTP Request: GET https://api.twelvedata.com/price?symbol=EUR/USD&apikey=701dbaae483c49ad8feaa37f72d290c6 "HTTP/1.1 200 OK"
2025-07-10 15:00:34,527 - httpx - INFO - HTTP Request: GET https://api.twelvedata.com/time_series?symbol=EUR/USD&interval=15min&outputsize=100&apikey=701dbaae483c49ad8feaa37f72d290c6 "HTTP/1.1 200 OK"
2025-07-10 15:02:38,108 - httpx - INFO - HTTP Request: GET https://api.twelvedata.com/price?symbol=EUR/USD&apikey=701dbaae483c49ad8feaa37f72d290c6 "HTTP/1.1 200 OK"
2025-07-10 15:04:17,446 - httpx - INFO - HTTP Request: GET https://api.twelvedata.com/time_series?symbol=GBP/USD&interval=15min&outputsize=100&apikey=701dbaae483c49ad8feaa37f72d290c6 "HTTP/1.1 200 OK"
2025-07-10 15:04:53,198 - main - INFO - Deteniendo AI Trading System...
2025-07-10 18:37:54,508 - main - INFO - Iniciando AI Trading System...
2025-07-10 18:37:54,509 - main - INFO - AI Trading System iniciado correctamente
2025-07-10 18:37:59,185 - httpx - INFO - HTTP Request: GET https://api.twelvedata.com/price?symbol=GBP/USD&apikey=701dbaae483c49ad8feaa37f72d290c6 "HTTP/1.1 200 OK"
2025-07-10 18:37:59,194 - httpx - INFO - HTTP Request: GET https://api.twelvedata.com/price?symbol=GBP/USD&apikey=701dbaae483c49ad8feaa37f72d290c6 "HTTP/1.1 200 OK"
2025-07-10 18:37:59,198 - httpx - INFO - HTTP Request: GET https://api.twelvedata.com/time_series?symbol=GBP/USD&interval=15min&outputsize=100&apikey=701dbaae483c49ad8feaa37f72d290c6 "HTTP/1.1 200 OK"
2025-07-10 18:37:59,205 - httpx - INFO - HTTP Request: GET https://api.twelvedata.com/time_series?symbol=EUR/USD&interval=15min&outputsize=100&apikey=701dbaae483c49ad8feaa37f72d290c6 "HTTP/1.1 200 OK"
2025-07-10 18:37:59,211 - httpx - INFO - HTTP Request: GET https://api.twelvedata.com/price?symbol=EUR/USD&apikey=701dbaae483c49ad8feaa37f72d290c6 "HTTP/1.1 200 OK"
2025-07-10 18:37:59,216 - httpx - INFO - HTTP Request: GET https://api.twelvedata.com/price?symbol=EUR/USD&apikey=701dbaae483c49ad8feaa37f72d290c6 "HTTP/1.1 200 OK"
2025-07-10 18:38:03,696 - main - INFO - Deteniendo AI Trading System...
2025-07-10 18:38:16,382 - main - INFO - Iniciando AI Trading System...
2025-07-10 18:38:16,383 - main - INFO - AI Trading System iniciado correctamente
2025-07-10 18:38:41,335 - httpx - INFO - HTTP Request: GET https://api.twelvedata.com/time_series?symbol=EUR/USD&interval=15min&outputsize=100&apikey=701dbaae483c49ad8feaa37f72d290c6 "HTTP/1.1 200 OK"
2025-07-10 18:38:41,344 - httpx - INFO - HTTP Request: GET https://api.twelvedata.com/price?symbol=EUR/USD&apikey=701dbaae483c49ad8feaa37f72d290c6 "HTTP/1.1 200 OK"
2025-07-10 18:40:01,515 - httpx - INFO - HTTP Request: GET https://api.twelvedata.com/price?symbol=EUR/USD&apikey=701dbaae483c49ad8feaa37f72d290c6 "HTTP/1.1 200 OK"
2025-07-10 18:40:51,139 - httpx - INFO - HTTP Request: GET https://api.twelvedata.com/price?symbol=EUR/USD&apikey=701dbaae483c49ad8feaa37f72d290c6 "HTTP/1.1 200 OK"
2025-07-10 18:42:03,193 - httpx - INFO - HTTP Request: GET https://api.twelvedata.com/price?symbol=EUR/USD&apikey=701dbaae483c49ad8feaa37f72d290c6 "HTTP/1.1 200 OK"
2025-07-10 18:42:51,883 - httpx - INFO - HTTP Request: GET https://api.twelvedata.com/time_series?symbol=EUR/USD&interval=15min&outputsize=100&apikey=701dbaae483c49ad8feaa37f72d290c6 "HTTP/1.1 200 OK"
2025-07-10 18:42:53,543 - httpx - INFO - HTTP Request: GET https://api.twelvedata.com/price?symbol=EUR/USD&apikey=701dbaae483c49ad8feaa37f72d290c6 "HTTP/1.1 200 OK"
2025-07-10 18:43:51,586 - httpx - INFO - HTTP Request: GET https://api.twelvedata.com/time_series?symbol=EUR/USD&interval=15min&outputsize=100&apikey=701dbaae483c49ad8feaa37f72d290c6 "HTTP/1.1 200 OK"
2025-07-10 18:44:04,604 - main - INFO - Deteniendo AI Trading System...
2025-07-10 18:44:18,657 - main - INFO - Iniciando AI Trading System...
2025-07-10 18:44:18,657 - main - INFO - AI Trading System iniciado correctamente
2025-07-10 18:44:54,089 - httpx - INFO - HTTP Request: GET https://api.twelvedata.com/price?symbol=EUR/USD&apikey=701dbaae483c49ad8feaa37f72d290c6 "HTTP/1.1 200 OK"
2025-07-10 18:45:53,516 - httpx - INFO - HTTP Request: GET https://api.twelvedata.com/price?symbol=EUR/USD&apikey=701dbaae483c49ad8feaa37f72d290c6 "HTTP/1.1 200 OK"
2025-07-10 18:46:56,451 - httpx - INFO - HTTP Request: GET https://api.twelvedata.com/price?symbol=EUR/USD&apikey=701dbaae483c49ad8feaa37f72d290c6 "HTTP/1.1 200 OK"
2025-07-10 18:48:06,801 - httpx - INFO - HTTP Request: GET https://api.twelvedata.com/price?symbol=EUR/USD&apikey=701dbaae483c49ad8feaa37f72d290c6 "HTTP/1.1 200 OK"
2025-07-10 18:48:06,804 - httpx - INFO - HTTP Request: GET https://api.twelvedata.com/time_series?symbol=EUR/USD&interval=15min&outputsize=100&apikey=701dbaae483c49ad8feaa37f72d290c6 "HTTP/1.1 200 OK"
2025-07-10 18:48:52,264 - main - INFO - Deteniendo AI Trading System...
2025-07-10 18:49:06,583 - main - INFO - Iniciando AI Trading System...
2025-07-10 18:49:06,584 - main - INFO - AI Trading System iniciado correctamente
2025-07-10 18:49:08,451 - httpx - INFO - HTTP Request: GET https://api.twelvedata.com/price?symbol=EUR/USD&apikey=701dbaae483c49ad8feaa37f72d290c6 "HTTP/1.1 200 OK"
2025-07-10 18:50:15,117 - httpx - INFO - HTTP Request: GET https://api.twelvedata.com/price?symbol=GBP/USD&apikey=701dbaae483c49ad8feaa37f72d290c6 "HTTP/1.1 200 OK"
2025-07-10 18:50:15,124 - httpx - INFO - HTTP Request: GET https://api.twelvedata.com/time_series?symbol=GBP/USD&interval=15min&outputsize=100&apikey=701dbaae483c49ad8feaa37f72d290c6 "HTTP/1.1 200 OK"
2025-07-10 18:51:10,315 - httpx - INFO - HTTP Request: GET https://api.twelvedata.com/price?symbol=EUR/USD&apikey=701dbaae483c49ad8feaa37f72d290c6 "HTTP/1.1 200 OK"
2025-07-10 18:52:52,514 - httpx - INFO - HTTP Request: GET https://api.twelvedata.com/time_series?symbol=EUR/USD&interval=15min&outputsize=100&apikey=701dbaae483c49ad8feaa37f72d290c6 "HTTP/1.1 200 OK"
2025-07-10 18:53:52,653 - httpx - INFO - HTTP Request: GET https://api.twelvedata.com/price?symbol=EUR/USD&apikey=701dbaae483c49ad8feaa37f72d290c6 "HTTP/1.1 200 OK"
2025-07-10 18:53:58,687 - main - INFO - Deteniendo AI Trading System...
2025-07-10 18:54:12,506 - main - INFO - Iniciando AI Trading System...
2025-07-10 18:54:12,550 - main - INFO - AI Trading System iniciado correctamente
2025-07-10 18:54:18,731 - main - INFO - Deteniendo AI Trading System...
2025-07-10 18:54:30,832 - main - INFO - Iniciando AI Trading System...
2025-07-10 18:54:30,833 - main - INFO - AI Trading System iniciado correctamente
2025-07-10 18:54:31,374 - main - INFO - Deteniendo AI Trading System...
2025-07-10 18:54:44,452 - main - INFO - Iniciando AI Trading System...
2025-07-10 18:54:44,454 - main - INFO - AI Trading System iniciado correctamente
2025-07-10 18:54:56,120 - httpx - INFO - HTTP Request: GET https://api.twelvedata.com/price?symbol=EUR/USD&apikey=701dbaae483c49ad8feaa37f72d290c6 "HTTP/1.1 200 OK"
2025-07-10 18:55:14,864 - httpx - INFO - HTTP Request: GET https://api.twelvedata.com/time_series?symbol=USD/JPY&interval=15min&outputsize=100&apikey=701dbaae483c49ad8feaa37f72d290c6 "HTTP/1.1 200 OK"
2025-07-10 18:55:46,097 - httpx - INFO - HTTP Request: GET https://api.twelvedata.com/price?symbol=GBP/USD&apikey=701dbaae483c49ad8feaa37f72d290c6 "HTTP/1.1 200 OK"
2025-07-10 18:57:00,254 - httpx - INFO - HTTP Request: GET https://api.twelvedata.com/price?symbol=EUR/USD&apikey=701dbaae483c49ad8feaa37f72d290c6 "HTTP/1.1 200 OK"
2025-07-10 18:57:05,356 - httpx - INFO - HTTP Request: GET https://api.twelvedata.com/time_series?symbol=GBP/USD&interval=15min&outputsize=100&apikey=701dbaae483c49ad8feaa37f72d290c6 "HTTP/1.1 200 OK"
2025-07-10 18:59:03,639 - httpx - INFO - HTTP Request: GET https://api.twelvedata.com/price?symbol=EUR/USD&apikey=701dbaae483c49ad8feaa37f72d290c6 "HTTP/1.1 200 OK"
2025-07-10 18:59:21,864 - httpx - INFO - HTTP Request: GET https://api.twelvedata.com/price?symbol=EUR/USD&apikey=701dbaae483c49ad8feaa37f72d290c6 "HTTP/1.1 200 OK"
2025-07-10 18:59:42,615 - main - INFO - Deteniendo AI Trading System...
2025-07-10 18:59:58,328 - main - INFO - Iniciando AI Trading System...
2025-07-10 18:59:58,328 - main - INFO - AI Trading System iniciado correctamente
2025-07-10 19:01:05,913 - httpx - INFO - HTTP Request: GET https://api.twelvedata.com/price?symbol=EUR/USD&apikey=701dbaae483c49ad8feaa37f72d290c6 "HTTP/1.1 200 OK"
2025-07-10 19:01:32,735 - main - INFO - Deteniendo AI Trading System...
2025-07-10 19:01:45,717 - main - INFO - Iniciando AI Trading System...
2025-07-10 19:01:45,718 - main - INFO - AI Trading System iniciado correctamente
2025-07-10 19:02:57,231 - httpx - INFO - HTTP Request: GET https://api.twelvedata.com/price?symbol=EUR/USD&apikey=701dbaae483c49ad8feaa37f72d290c6 "HTTP/1.1 200 OK"
2025-07-10 19:05:02,491 - main - INFO - Deteniendo AI Trading System...
2025-07-10 19:05:12,930 - main - INFO - Iniciando AI Trading System...
2025-07-10 19:05:12,930 - main - INFO - AI Trading System iniciado correctamente
2025-07-10 19:05:42,306 - httpx - INFO - HTTP Request: GET https://api.twelvedata.com/time_series?symbol=EUR/USD&interval=15min&outputsize=100&apikey=701dbaae483c49ad8feaa37f72d290c6 "HTTP/1.1 200 OK"
2025-07-10 19:05:42,409 - httpx - INFO - HTTP Request: GET https://api.twelvedata.com/price?symbol=EUR/USD&apikey=701dbaae483c49ad8feaa37f72d290c6 "HTTP/1.1 200 OK"
2025-07-10 19:07:41,314 - main - INFO - Deteniendo AI Trading System...
2025-07-10 19:08:03,647 - main - INFO - Iniciando AI Trading System...
2025-07-10 19:08:03,651 - main - INFO - AI Trading System iniciado correctamente
2025-07-10 19:08:16,462 - main - INFO - Iniciando AI Trading System...
2025-07-10 19:08:16,463 - main - INFO - AI Trading System iniciado correctamente
2025-07-10 19:08:30,169 - main - INFO - Iniciando AI Trading System...
2025-07-10 19:08:30,170 - main - INFO - AI Trading System iniciado correctamente
2025-07-10 19:08:41,101 - main - INFO - Iniciando AI Trading System...
2025-07-10 19:08:41,102 - main - INFO - AI Trading System iniciado correctamente
2025-07-10 19:08:52,778 - main - INFO - Iniciando AI Trading System...
2025-07-10 19:08:52,778 - main - INFO - AI Trading System iniciado correctamente
2025-07-10 19:09:06,887 - main - INFO - Iniciando AI Trading System...
2025-07-10 19:09:06,888 - main - INFO - AI Trading System iniciado correctamente
2025-07-10 19:09:17,716 - main - INFO - Iniciando AI Trading System...
2025-07-10 19:09:17,717 - main - INFO - AI Trading System iniciado correctamente
2025-07-10 19:09:29,043 - main - INFO - Iniciando AI Trading System...
2025-07-10 19:09:29,077 - main - INFO - AI Trading System iniciado correctamente
2025-07-10 19:09:40,427 - main - INFO - Iniciando AI Trading System...
2025-07-10 19:09:40,427 - main - INFO - AI Trading System iniciado correctamente
2025-07-10 19:09:52,589 - main - INFO - Iniciando AI Trading System...
2025-07-10 19:09:52,590 - main - INFO - AI Trading System iniciado correctamente
2025-07-10 19:12:03,884 - yfinance - ERROR - USDJPY=X: Period '1500m' is invalid, must be one of: 1d, 5d, 1mo, 3mo, 6mo, 1y, 2y, 5y, 10y, ytd, max
2025-07-10 19:13:24,886 - yfinance - ERROR - EURUSD=X: Period '1500m' is invalid, must be one of: 1d, 5d, 1mo, 3mo, 6mo, 1y, 2y, 5y, 10y, ytd, max
2025-07-10 19:15:01,156 - yfinance - ERROR - EURUSD=X: Period '1500m' is invalid, must be one of: 1d, 5d, 1mo, 3mo, 6mo, 1y, 2y, 5y, 10y, ytd, max
2025-07-10 19:16:40,854 - main - INFO - Deteniendo AI Trading System...
2025-07-10 19:16:55,154 - main - INFO - Iniciando AI Trading System...
2025-07-10 19:16:55,158 - main - INFO - AI Trading System iniciado correctamente
2025-07-10 19:25:04,739 - main - INFO - Deteniendo AI Trading System...
2025-07-10 19:25:21,344 - main - INFO - Iniciando AI Trading System...
2025-07-10 19:25:21,345 - main - INFO - AI Trading System iniciado correctamente
2025-07-10 19:45:43,417 - main - INFO - Deteniendo AI Trading System...
2025-07-10 19:46:07,510 - main - INFO - Iniciando AI Trading System...
2025-07-10 19:46:07,515 - main - INFO - AI Trading System iniciado correctamente
2025-07-10 19:46:12,208 - yfinance - ERROR - HTTP Error 404: 
2025-07-10 19:46:13,088 - yfinance - ERROR - $EURUSD,GBPUSD,USDJPY,AUDUSD,USDCAD: possibly delisted; no price data found  (period=2d) (Yahoo error = "No data found, symbol may be delisted")
2025-07-10 19:59:10,433 - yfinance - ERROR - HTTP Error 404: 
2025-07-10 19:59:11,185 - yfinance - ERROR - $EURUSD,GBPUSD,USDJPY,AUDUSD,USDCAD: possibly delisted; no price data found  (period=2d) (Yahoo error = "No data found, symbol may be delisted")
2025-07-10 20:02:26,032 - yfinance - ERROR - $EURUSD,GBPUSD,USDJPY,AUDUSD,USDCAD: possibly delisted; no price data found  (period=2d) (Yahoo error = "No data found, symbol may be delisted")
2025-07-10 20:02:26,584 - yfinance - ERROR - HTTP Error 404: 
2025-07-10 20:06:38,429 - yfinance - ERROR - $EURUSD,GBPUSD,USDJPY,AUDUSD,USDCAD: possibly delisted; no price data found  (period=2d) (Yahoo error = "No data found, symbol may be delisted")
2025-07-10 20:06:39,234 - yfinance - ERROR - HTTP Error 404: 
2025-07-10 20:09:47,062 - yfinance - ERROR - $EURUSD,GBPUSD,USDJPY,AUDUSD,USDCAD: possibly delisted; no price data found  (period=2d) (Yahoo error = "No data found, symbol may be delisted")
2025-07-10 20:09:47,437 - yfinance - ERROR - HTTP Error 404: 
2025-07-10 20:12:02,794 - yfinance - ERROR - $EURUSD,GBPUSD,USDJPY,AUDUSD,USDCAD: possibly delisted; no price data found  (period=2d) (Yahoo error = "No data found, symbol may be delisted")
2025-07-10 20:12:05,805 - yfinance - ERROR - HTTP Error 404: 
2025-07-10 20:13:24,803 - yfinance - ERROR - $EURUSD,GBPUSD,USDJPY,AUDUSD,USDCAD: possibly delisted; no price data found  (period=2d) (Yahoo error = "No data found, symbol may be delisted")
2025-07-10 20:13:25,265 - yfinance - ERROR - HTTP Error 404: 
2025-07-10 20:23:03,065 - yfinance - ERROR - $EURUSD,GBPUSD,USDJPY,AUDUSD,USDCAD: possibly delisted; no price data found  (period=2d) (Yahoo error = "No data found, symbol may be delisted")
2025-07-10 20:23:03,600 - yfinance - ERROR - HTTP Error 404: 
2025-07-10 20:32:01,239 - yfinance - ERROR - $EURUSD,GBPUSD,USDJPY,AUDUSD,USDCAD: possibly delisted; no price data found  (period=2d) (Yahoo error = "No data found, symbol may be delisted")
2025-07-10 20:32:01,798 - yfinance - ERROR - HTTP Error 404: 
2025-07-10 22:31:26,779 - yfinance - ERROR - $AUDUSD,EURUSD,GBPUSD,USDCAD,USDJPY: possibly delisted; no price data found  (period=2d) (Yahoo error = "No data found, symbol may be delisted")
2025-07-10 22:31:27,698 - yfinance - ERROR - HTTP Error 404: 
2025-07-10 22:32:00,064 - yfinance - ERROR - $AUDUSD,EURUSD,GBPUSD,USDCAD,USDJPY: possibly delisted; no price data found  (period=2d) (Yahoo error = "No data found, symbol may be delisted")
2025-07-10 22:32:00,708 - yfinance - ERROR - HTTP Error 404: 
2025-07-10 22:32:39,079 - yfinance - ERROR - $AUDUSD,EURUSD,GBPUSD,USDCAD,USDJPY: possibly delisted; no price data found  (period=2d) (Yahoo error = "No data found, symbol may be delisted")
2025-07-10 22:32:39,723 - yfinance - ERROR - HTTP Error 404: 
2025-07-10 22:32:54,133 - yfinance - ERROR - $EURUSD,GBPUSD,USDJPY,AUDUSD,USDCAD: possibly delisted; no price data found  (period=2d) (Yahoo error = "No data found, symbol may be delisted")
2025-07-10 22:32:54,847 - yfinance - ERROR - HTTP Error 404: 
2025-07-10 22:33:02,931 - api.auth_routes - ERROR - Error en login: (MySQLdb.OperationalError) (2006, 'Server has gone away')
[SQL: SELECT users.user_id AS users_user_id, users.username AS users_username, users.email AS users_email, users.first_name AS users_first_name, users.last_name AS users_last_name, users.phone AS users_phone, users.password_hash AS users_password_hash, users.is_active AS users_is_active, users.is_verified AS users_is_verified, users.role AS users_role, users.timezone AS users_timezone, users.language AS users_language, users.created_at AS users_created_at, users.updated_at AS users_updated_at, users.last_login AS users_last_login 
FROM users 
WHERE users.username = %s 
 LIMIT %s]
[parameters: ('prueba1', 1)]
(Background on this error at: https://sqlalche.me/e/20/e3q8)
2025-07-10 22:33:14,985 - api.auth_routes - ERROR - Error en login: Can't reconnect until invalid transaction is rolled back.  Please rollback() fully before proceeding (Background on this error at: https://sqlalche.me/e/20/8s2b)
2025-07-10 22:33:33,953 - api.auth_routes - ERROR - Error en login: Can't reconnect until invalid transaction is rolled back.  Please rollback() fully before proceeding (Background on this error at: https://sqlalche.me/e/20/8s2b)
2025-07-10 22:35:39,272 - main - INFO - Deteniendo AI Trading System...
2025-07-10 22:36:04,480 - main - INFO - Iniciando AI Trading System...
2025-07-10 22:36:04,480 - main - INFO - AI Trading System iniciado correctamente
2025-07-10 22:36:18,560 - main - INFO - Iniciando AI Trading System...
2025-07-10 22:36:18,561 - main - INFO - AI Trading System iniciado correctamente
2025-07-10 22:40:05,251 - main - INFO - Deteniendo AI Trading System...
2025-07-10 22:40:17,471 - main - INFO - Iniciando AI Trading System...
2025-07-10 22:40:17,472 - main - INFO - AI Trading System iniciado correctamente
2025-07-10 23:05:48,725 - main - INFO - Iniciando AI Trading System...
2025-07-10 23:05:48,726 - main - INFO - AI Trading System iniciado correctamente
2025-07-10 23:16:00,154 - main - INFO - Deteniendo AI Trading System...
2025-07-10 23:16:26,917 - main - INFO - Iniciando AI Trading System...
2025-07-10 23:16:26,917 - main - INFO - AI Trading System iniciado correctamente
2025-07-10 23:31:05,479 - main - INFO - Deteniendo AI Trading System...
2025-07-10 23:31:23,811 - main - INFO - Iniciando AI Trading System...
2025-07-10 23:31:23,811 - main - INFO - AI Trading System iniciado correctamente
2025-07-11 08:55:33,569 - main - INFO - Iniciando AI Trading System...
2025-07-11 08:55:33,573 - main - INFO - AI Trading System iniciado correctamente
2025-07-11 08:59:13,848 - main - INFO - Deteniendo AI Trading System...
2025-07-11 08:59:32,600 - main - INFO - Iniciando AI Trading System...
2025-07-11 08:59:32,600 - main - INFO - AI Trading System iniciado correctamente
2025-07-11 10:23:06,747 - api.subscription_routes - ERROR - Error obteniendo suscripción: (MySQLdb.OperationalError) (2006, 'Server has gone away')
[SQL: SELECT users.user_id AS users_user_id, users.username AS users_username, users.email AS users_email, users.first_name AS users_first_name, users.last_name AS users_last_name, users.phone AS users_phone, users.password_hash AS users_password_hash, users.is_active AS users_is_active, users.is_verified AS users_is_verified, users.role AS users_role, users.timezone AS users_timezone, users.language AS users_language, users.created_at AS users_created_at, users.updated_at AS users_updated_at, users.last_login AS users_last_login 
FROM users 
WHERE users.username = %s 
 LIMIT %s]
[parameters: ('prueba1', 1)]
(Background on this error at: https://sqlalche.me/e/20/e3q8)
2025-07-11 10:23:06,770 - api.subscription_routes - ERROR - Error obteniendo suscripción: Can't reconnect until invalid transaction is rolled back.  Please rollback() fully before proceeding (Background on this error at: https://sqlalche.me/e/20/8s2b)
2025-07-11 10:23:26,658 - api.auth_routes - ERROR - Error en login: (MySQLdb.OperationalError) (2006, 'Server has gone away')
[SQL: SELECT users.user_id AS users_user_id, users.username AS users_username, users.email AS users_email, users.first_name AS users_first_name, users.last_name AS users_last_name, users.phone AS users_phone, users.password_hash AS users_password_hash, users.is_active AS users_is_active, users.is_verified AS users_is_verified, users.role AS users_role, users.timezone AS users_timezone, users.language AS users_language, users.created_at AS users_created_at, users.updated_at AS users_updated_at, users.last_login AS users_last_login 
FROM users 
WHERE users.username = %s 
 LIMIT %s]
[parameters: ('prueba1', 1)]
(Background on this error at: https://sqlalche.me/e/20/e3q8)
2025-07-11 10:23:34,383 - api.auth_routes - ERROR - Error en login: Can't reconnect until invalid transaction is rolled back.  Please rollback() fully before proceeding (Background on this error at: https://sqlalche.me/e/20/8s2b)
2025-07-11 10:24:18,179 - main - INFO - Deteniendo AI Trading System...
2025-07-11 10:24:34,290 - main - INFO - Iniciando AI Trading System...
2025-07-11 10:24:34,291 - main - INFO - AI Trading System iniciado correctamente
2025-07-11 19:14:12,870 - main - INFO - Iniciando AI Trading System...
2025-07-11 19:14:12,871 - main - INFO - AI Trading System iniciado correctamente
2025-07-11 20:02:31,341 - main - INFO - Deteniendo AI Trading System...
2025-07-11 20:02:56,037 - main - INFO - Iniciando AI Trading System...
2025-07-11 20:02:56,038 - main - INFO - AI Trading System iniciado correctamente
2025-07-11 20:03:33,136 - main - INFO - Deteniendo AI Trading System...
2025-07-11 20:03:39,230 - main - INFO - Iniciando AI Trading System...
2025-07-11 20:03:39,230 - main - INFO - AI Trading System iniciado correctamente
2025-07-11 20:09:37,735 - main - INFO - Deteniendo AI Trading System...
2025-07-11 20:09:48,606 - main - INFO - Iniciando AI Trading System...
2025-07-11 20:09:48,607 - main - INFO - AI Trading System iniciado correctamente
2025-07-11 20:12:13,091 - main - INFO - Deteniendo AI Trading System...
2025-07-11 20:12:21,634 - main - INFO - Iniciando AI Trading System...
2025-07-11 20:12:21,634 - main - INFO - AI Trading System iniciado correctamente
2025-07-11 20:12:55,403 - main - INFO - Deteniendo AI Trading System...
2025-07-11 20:13:04,329 - main - INFO - Iniciando AI Trading System...
2025-07-11 20:13:04,330 - main - INFO - AI Trading System iniciado correctamente
2025-07-11 20:13:11,353 - main - INFO - Iniciando AI Trading System...
2025-07-11 20:13:11,354 - main - INFO - AI Trading System iniciado correctamente
2025-07-11 20:42:09,200 - main - INFO - Deteniendo AI Trading System...
2025-07-11 21:13:26,949 - main - INFO - Iniciando AI Trading System...
2025-07-11 21:13:26,950 - main - INFO - AI Trading System iniciado correctamente
2025-07-11 21:15:59,295 - main - INFO - Deteniendo AI Trading System...
2025-07-11 21:18:36,528 - main - INFO - Iniciando AI Trading System...
2025-07-11 21:18:36,532 - main - INFO - AI Trading System iniciado correctamente
2025-07-11 21:18:49,227 - main - INFO - Iniciando AI Trading System...
2025-07-11 21:18:49,228 - main - INFO - AI Trading System iniciado correctamente
2025-07-11 21:54:35,302 - main - INFO - Deteniendo AI Trading System...
2025-07-11 21:54:53,150 - main - INFO - Iniciando AI Trading System...
2025-07-11 21:54:53,150 - main - INFO - AI Trading System iniciado correctamente
2025-07-11 22:06:28,243 - main - INFO - Iniciando AI Trading System...
2025-07-11 22:06:28,243 - main - INFO - AI Trading System iniciado correctamente
2025-07-11 22:11:26,828 - api.subscription_routes - ERROR - Error obteniendo suscripción: (MySQLdb.OperationalError) (2013, 'Lost connection to server during query')
[SQL: SELECT users.user_id AS users_user_id, users.username AS users_username, users.email AS users_email, users.first_name AS users_first_name, users.last_name AS users_last_name, users.phone AS users_phone, users.password_hash AS users_password_hash, users.is_active AS users_is_active, users.is_verified AS users_is_verified, users.role AS users_role, users.timezone AS users_timezone, users.language AS users_language, users.created_at AS users_created_at, users.updated_at AS users_updated_at, users.last_login AS users_last_login 
FROM users 
WHERE users.username = %s 
 LIMIT %s]
[parameters: ('prueba1', 1)]
(Background on this error at: https://sqlalche.me/e/20/e3q8)
2025-07-11 22:11:26,853 - api.subscription_routes - ERROR - Error obteniendo suscripción: Can't reconnect until invalid transaction is rolled back.  Please rollback() fully before proceeding (Background on this error at: https://sqlalche.me/e/20/8s2b)
2025-07-11 22:11:27,697 - api.subscription_routes - ERROR - Error obteniendo suscripción: Can't reconnect until invalid transaction is rolled back.  Please rollback() fully before proceeding (Background on this error at: https://sqlalche.me/e/20/8s2b)
2025-07-11 22:11:27,702 - api.subscription_routes - ERROR - Error obteniendo suscripción: Can't reconnect until invalid transaction is rolled back.  Please rollback() fully before proceeding (Background on this error at: https://sqlalche.me/e/20/8s2b)
2025-07-11 22:11:27,707 - api.subscription_routes - ERROR - Error obteniendo suscripción: Can't reconnect until invalid transaction is rolled back.  Please rollback() fully before proceeding (Background on this error at: https://sqlalche.me/e/20/8s2b)
2025-07-11 22:11:27,709 - api.subscription_routes - ERROR - Error obteniendo suscripción: Can't reconnect until invalid transaction is rolled back.  Please rollback() fully before proceeding (Background on this error at: https://sqlalche.me/e/20/8s2b)
2025-07-11 22:11:27,711 - api.subscription_routes - ERROR - Error obteniendo suscripción: Can't reconnect until invalid transaction is rolled back.  Please rollback() fully before proceeding (Background on this error at: https://sqlalche.me/e/20/8s2b)
2025-07-11 22:11:27,714 - api.subscription_routes - ERROR - Error obteniendo suscripción: Can't reconnect until invalid transaction is rolled back.  Please rollback() fully before proceeding (Background on this error at: https://sqlalche.me/e/20/8s2b)
2025-07-11 22:11:27,716 - api.subscription_routes - ERROR - Error obteniendo suscripción: Can't reconnect until invalid transaction is rolled back.  Please rollback() fully before proceeding (Background on this error at: https://sqlalche.me/e/20/8s2b)
2025-07-11 22:11:38,717 - api.subscription_routes - ERROR - Error obteniendo suscripción: Can't reconnect until invalid transaction is rolled back.  Please rollback() fully before proceeding (Background on this error at: https://sqlalche.me/e/20/8s2b)
2025-07-11 22:11:39,025 - api.subscription_routes - ERROR - Error obteniendo suscripción: Can't reconnect until invalid transaction is rolled back.  Please rollback() fully before proceeding (Background on this error at: https://sqlalche.me/e/20/8s2b)
2025-07-11 22:11:50,410 - api.auth_routes - ERROR - Error en login: (MySQLdb.OperationalError) (2002, "Can't connect to server on 'localhost' (10061)")
(Background on this error at: https://sqlalche.me/e/20/e3q8)
2025-07-11 22:39:06,204 - main - INFO - Deteniendo AI Trading System...
2025-07-11 22:39:37,034 - main - INFO - Iniciando AI Trading System...
2025-07-11 22:39:37,035 - main - INFO - AI Trading System iniciado correctamente
2025-07-12 15:26:06,855 - main - INFO - Iniciando AI Trading System...
2025-07-12 15:26:06,855 - main - INFO - AI Trading System iniciado correctamente
2025-07-12 15:35:00,164 - main - INFO - Deteniendo AI Trading System...
2025-07-12 15:35:20,448 - main - INFO - Iniciando AI Trading System...
2025-07-12 15:35:20,450 - main - INFO - AI Trading System iniciado correctamente
2025-07-12 15:35:28,610 - main - INFO - Deteniendo AI Trading System...
2025-07-12 15:35:39,541 - main - INFO - Iniciando AI Trading System...
2025-07-12 15:35:39,541 - main - INFO - AI Trading System iniciado correctamente
2025-07-12 15:46:35,457 - main - INFO - Deteniendo AI Trading System...
2025-07-12 15:46:56,069 - main - INFO - Iniciando AI Trading System...
2025-07-12 15:46:56,070 - main - INFO - AI Trading System iniciado correctamente
2025-07-12 15:55:03,126 - main - INFO - Deteniendo AI Trading System...
2025-07-12 15:55:23,248 - main - INFO - Iniciando AI Trading System...
2025-07-12 15:55:23,248 - main - INFO - AI Trading System iniciado correctamente
2025-07-12 18:37:43,545 - main - INFO - Iniciando AI Trading System...
2025-07-12 18:37:43,545 - main - INFO - AI Trading System iniciado correctamente
2025-07-12 18:40:25,400 - api.subscription_routes - ERROR - Error obteniendo suscripción: (MySQLdb.OperationalError) (2002, "Can't connect to server on 'localhost' (10061)")
(Background on this error at: https://sqlalche.me/e/20/e3q8)
2025-07-12 18:40:29,488 - api.subscription_routes - ERROR - Error obteniendo suscripción: (MySQLdb.OperationalError) (2002, "Can't connect to server on 'localhost' (10061)")
(Background on this error at: https://sqlalche.me/e/20/e3q8)
2025-07-12 18:41:26,559 - main - INFO - Deteniendo AI Trading System...
2025-07-12 18:41:46,366 - main - INFO - Iniciando AI Trading System...
2025-07-12 18:41:46,366 - main - INFO - AI Trading System iniciado correctamente
2025-07-12 22:17:45,462 - main - INFO - Iniciando AI Trading System...
2025-07-12 22:17:45,463 - main - INFO - AI Trading System iniciado correctamente
2025-07-24 22:49:00,691 - main - INFO - Iniciando AI Trading System...
2025-07-24 22:49:00,692 - main - INFO - AI Trading System iniciado correctamente
2025-07-24 22:52:19,960 - api.auth_routes - ERROR - Error en login: (MySQLdb.OperationalError) (2002, "Can't connect to server on 'localhost' (10061)")
(Background on this error at: https://sqlalche.me/e/20/e3q8)
2025-07-24 22:52:34,498 - api.auth_routes - ERROR - Error en login: (MySQLdb.OperationalError) (2002, "Can't connect to server on 'localhost' (10061)")
(Background on this error at: https://sqlalche.me/e/20/e3q8)
2025-07-24 22:52:50,874 - api.auth_routes - ERROR - Error en login: (MySQLdb.OperationalError) (2002, "Can't connect to server on 'localhost' (10061)")
(Background on this error at: https://sqlalche.me/e/20/e3q8)
2025-07-24 22:54:33,158 - api.auth_routes - ERROR - Error en login: (MySQLdb.OperationalError) (2002, "Can't connect to server on 'localhost' (10061)")
(Background on this error at: https://sqlalche.me/e/20/e3q8)
2025-07-24 22:55:08,628 - api.auth_routes - ERROR - Error en login: (MySQLdb.OperationalError) (2002, "Can't connect to server on 'localhost' (10061)")
(Background on this error at: https://sqlalche.me/e/20/e3q8)
2025-07-24 22:55:28,911 - api.auth_routes - ERROR - Error en login: (MySQLdb.OperationalError) (2002, "Can't connect to server on 'localhost' (10061)")
(Background on this error at: https://sqlalche.me/e/20/e3q8)
2025-07-24 22:56:34,831 - main - INFO - Deteniendo AI Trading System...
2025-07-24 22:56:53,100 - main - INFO - Iniciando AI Trading System...
2025-07-24 22:56:53,100 - main - INFO - AI Trading System iniciado correctamente
2025-07-24 22:57:13,565 - main - INFO - Deteniendo AI Trading System...
2025-07-24 22:57:30,361 - main - INFO - Iniciando AI Trading System...
2025-07-24 22:57:30,363 - main - INFO - AI Trading System iniciado correctamente
2025-07-24 23:40:01,308 - main - INFO - Deteniendo AI Trading System...
2025-07-24 23:40:44,169 - main - INFO - Iniciando AI Trading System...
2025-07-24 23:40:44,171 - main - INFO - AI Trading System iniciado correctamente
2025-07-24 23:41:53,882 - main - INFO - Deteniendo AI Trading System...
2025-07-24 23:42:32,436 - main - INFO - Iniciando AI Trading System...
2025-07-24 23:42:32,437 - main - INFO - AI Trading System iniciado correctamente
2025-07-25 10:29:22,523 - main - INFO - Iniciando AI Trading System...
2025-07-25 10:29:22,523 - main - INFO - AI Trading System iniciado correctamente
2025-07-25 18:28:57,876 - main - INFO - Deteniendo AI Trading System...
2025-07-25 18:29:50,990 - main - INFO - Iniciando AI Trading System...
2025-07-25 18:29:50,991 - main - INFO - AI Trading System iniciado correctamente
2025-07-25 18:30:03,130 - main - INFO - Iniciando AI Trading System...
2025-07-25 18:30:03,130 - main - INFO - AI Trading System iniciado correctamente
2025-07-25 18:30:20,785 - main - INFO - Deteniendo AI Trading System...
2025-07-25 18:30:24,566 - main - INFO - Iniciando AI Trading System...
2025-07-25 18:30:24,566 - main - INFO - AI Trading System iniciado correctamente
2025-07-25 18:30:52,440 - main - INFO - Deteniendo AI Trading System...
2025-07-25 18:30:56,254 - main - INFO - Iniciando AI Trading System...
2025-07-25 18:30:56,254 - main - INFO - AI Trading System iniciado correctamente
2025-07-25 18:30:56,805 - main - INFO - Deteniendo AI Trading System...
2025-07-25 18:31:02,782 - main - INFO - Iniciando AI Trading System...
2025-07-25 18:31:02,782 - main - INFO - AI Trading System iniciado correctamente
2025-07-25 18:31:05,733 - main - INFO - Deteniendo AI Trading System...
2025-07-25 18:31:10,276 - main - INFO - Iniciando AI Trading System...
2025-07-25 18:31:10,276 - main - INFO - AI Trading System iniciado correctamente
2025-07-25 18:35:01,159 - main - INFO - Iniciando AI Trading System...
2025-07-25 18:35:01,161 - main - INFO - AI Trading System iniciado correctamente
2025-07-25 18:38:50,864 - main - INFO - Deteniendo AI Trading System...
2025-07-25 18:38:50,870 - main - INFO - Deteniendo AI Trading System...
2025-07-25 18:39:17,908 - main - INFO - Iniciando AI Trading System...
2025-07-25 18:39:17,909 - main - INFO - AI Trading System iniciado correctamente
2025-07-25 18:39:17,916 - main - INFO - Iniciando AI Trading System...
2025-07-25 18:39:17,917 - main - INFO - AI Trading System iniciado correctamente
2025-07-25 18:39:33,344 - main - INFO - Deteniendo AI Trading System...
2025-07-25 18:39:33,375 - main - INFO - Deteniendo AI Trading System...
2025-07-25 18:39:39,052 - main - INFO - Iniciando AI Trading System...
2025-07-25 18:39:39,052 - main - INFO - AI Trading System iniciado correctamente
2025-07-25 18:39:39,052 - main - INFO - AI Trading System iniciado correctamente
2025-07-25 18:40:07,700 - main - INFO - Deteniendo AI Trading System...
2025-07-25 18:40:12,266 - main - INFO - Iniciando AI Trading System...
2025-07-25 18:40:12,267 - main - INFO - AI Trading System iniciado correctamente
2025-07-25 18:40:12,284 - main - INFO - Iniciando AI Trading System...
2025-07-25 18:40:12,285 - main - INFO - AI Trading System iniciado correctamente
2025-07-25 18:40:19,144 - main - INFO - Iniciando AI Trading System...
2025-07-25 18:40:19,144 - main - INFO - AI Trading System iniciado correctamente
2025-07-25 18:40:25,451 - main - INFO - Iniciando AI Trading System...
2025-07-25 18:40:25,451 - main - INFO - AI Trading System iniciado correctamente
2025-07-25 18:41:07,313 - main - INFO - Deteniendo AI Trading System...
2025-07-25 18:41:24,646 - main - INFO - Iniciando AI Trading System...
2025-07-25 18:41:24,647 - main - INFO - AI Trading System iniciado correctamente
2025-07-25 18:41:24,793 - main - INFO - Iniciando AI Trading System...
2025-07-25 18:41:24,793 - main - INFO - AI Trading System iniciado correctamente
2025-07-25 18:44:49,201 - main - INFO - Deteniendo AI Trading System...
2025-07-25 18:44:49,203 - main - INFO - Deteniendo AI Trading System...
2025-07-25 18:44:56,222 - main - INFO - Iniciando AI Trading System...
2025-07-25 18:44:56,222 - main - INFO - AI Trading System iniciado correctamente
2025-07-25 18:44:56,224 - main - INFO - Iniciando AI Trading System...
2025-07-25 18:44:56,225 - main - INFO - AI Trading System iniciado correctamente
2025-07-25 18:45:01,669 - main - INFO - Iniciando AI Trading System...
2025-07-25 18:45:01,670 - main - INFO - AI Trading System iniciado correctamente
2025-07-25 18:45:01,696 - main - INFO - Iniciando AI Trading System...
2025-07-25 18:45:01,696 - main - INFO - AI Trading System iniciado correctamente
2025-07-25 18:49:51,184 - main - INFO - Deteniendo AI Trading System...
2025-07-25 18:49:51,278 - main - INFO - Deteniendo AI Trading System...
2025-07-25 18:50:08,072 - main - INFO - Iniciando AI Trading System...
2025-07-25 18:50:08,072 - main - INFO - AI Trading System iniciado correctamente
2025-07-25 18:50:08,072 - main - INFO - AI Trading System iniciado correctamente
2025-07-25 18:52:36,694 - yfinance - ERROR - $EURUSD=X: possibly delisted; no price data found  (period=5d)
2025-07-25 18:52:36,699 - yfinance - ERROR - $GBPUSD=X: possibly delisted; no price data found  (period=5d)
2025-07-25 18:52:36,704 - yfinance - ERROR - $USDJPY=X: possibly delisted; no price data found  (period=5d)
2025-07-25 18:52:36,709 - yfinance - ERROR - $AUDUSD=X: possibly delisted; no price data found  (period=5d)
2025-07-25 18:52:36,715 - yfinance - ERROR - $USDCAD=X: possibly delisted; no price data found  (period=5d)
2025-07-25 22:21:38,116 - main - INFO - Iniciando AI Trading System...
2025-07-25 22:21:38,123 - main - INFO - AI Trading System iniciado correctamente
2025-07-25 22:29:57,733 - main - INFO - Deteniendo AI Trading System...
2025-07-25 22:30:12,863 - main - INFO - Iniciando AI Trading System...
2025-07-25 22:30:12,864 - main - INFO - AI Trading System iniciado correctamente
2025-07-25 22:30:13,073 - main - INFO - Deteniendo AI Trading System...
2025-07-25 22:30:22,369 - main - INFO - Iniciando AI Trading System...
2025-07-25 22:30:22,386 - main - INFO - AI Trading System iniciado correctamente
2025-07-25 22:32:07,539 - main - INFO - Deteniendo AI Trading System...
2025-07-25 22:32:15,596 - main - INFO - Iniciando AI Trading System...
2025-07-25 22:32:15,597 - main - INFO - AI Trading System iniciado correctamente
2025-07-25 23:45:03,055 - main - INFO - Iniciando AI Trading System...
2025-07-25 23:45:03,056 - main - INFO - AI Trading System iniciado correctamente
2025-07-26 11:05:47,111 - main - INFO - Iniciando AI Trading System...
2025-07-26 11:05:47,111 - main - INFO - AI Trading System iniciado correctamente
2025-07-26 11:14:53,343 - main - INFO - Iniciando AI Trading System...
2025-07-26 11:14:53,344 - main - INFO - AI Trading System iniciado correctamente
2025-07-26 11:52:31,778 - main - INFO - Iniciando AI Trading System...
2025-07-26 11:52:31,779 - main - INFO - AI Trading System iniciado correctamente
2025-07-26 12:10:48,426 - main - INFO - Deteniendo AI Trading System...
2025-07-26 12:10:54,681 - main - INFO - Iniciando AI Trading System...
2025-07-26 12:10:54,682 - main - INFO - AI Trading System iniciado correctamente
2025-07-26 12:11:15,009 - main - INFO - Deteniendo AI Trading System...
2025-07-26 12:11:19,118 - main - INFO - Iniciando AI Trading System...
2025-07-26 12:11:19,119 - main - INFO - AI Trading System iniciado correctamente
2025-07-26 12:12:01,296 - main - INFO - Deteniendo AI Trading System...
2025-07-26 12:12:05,642 - main - INFO - Iniciando AI Trading System...
2025-07-26 12:12:05,643 - main - INFO - AI Trading System iniciado correctamente
2025-07-26 12:12:21,137 - main - INFO - Deteniendo AI Trading System...
2025-07-26 12:12:25,429 - main - INFO - Iniciando AI Trading System...
2025-07-26 12:12:25,429 - main - INFO - AI Trading System iniciado correctamente
2025-07-26 12:14:53,811 - main - INFO - Iniciando AI Trading System...
2025-07-26 12:14:53,812 - main - INFO - AI Trading System iniciado correctamente
2025-07-26 12:17:00,177 - main - INFO - Deteniendo AI Trading System...
2025-07-26 12:17:00,184 - main - INFO - Deteniendo AI Trading System...
2025-07-26 12:17:20,387 - main - INFO - Iniciando AI Trading System...
2025-07-26 12:17:20,387 - main - INFO - AI Trading System iniciado correctamente
2025-07-26 12:17:20,481 - main - INFO - Iniciando AI Trading System...
2025-07-26 12:17:20,482 - main - INFO - AI Trading System iniciado correctamente
2025-07-26 12:20:18,139 - main - INFO - Deteniendo AI Trading System...
2025-07-26 12:20:25,835 - main - INFO - Iniciando AI Trading System...
2025-07-26 12:20:25,836 - main - INFO - AI Trading System iniciado correctamente
2025-07-26 12:20:28,857 - main - INFO - Deteniendo AI Trading System...
2025-07-26 12:20:37,073 - main - INFO - Iniciando AI Trading System...
2025-07-26 12:20:37,074 - main - INFO - AI Trading System iniciado correctamente
2025-07-26 12:25:30,320 - main - INFO - Deteniendo AI Trading System...
2025-07-26 12:25:38,550 - main - INFO - Iniciando AI Trading System...
2025-07-26 12:25:38,550 - main - INFO - AI Trading System iniciado correctamente
2025-07-26 12:29:42,661 - main - INFO - Iniciando AI Trading System...
2025-07-26 12:29:42,662 - main - INFO - AI Trading System iniciado correctamente
2025-07-26 12:35:33,552 - main - INFO - Deteniendo AI Trading System...
2025-07-26 12:35:33,569 - main - INFO - Deteniendo AI Trading System...
2025-07-26 12:35:33,699 - main - INFO - Deteniendo AI Trading System...
2025-07-26 12:35:44,728 - main - INFO - Iniciando AI Trading System...
2025-07-26 12:35:44,728 - main - INFO - AI Trading System iniciado correctamente
2025-07-26 12:35:44,843 - main - INFO - Iniciando AI Trading System...
2025-07-26 12:35:44,844 - main - INFO - AI Trading System iniciado correctamente
2025-07-26 12:35:44,848 - main - INFO - Iniciando AI Trading System...
2025-07-26 12:35:44,849 - main - INFO - AI Trading System iniciado correctamente
2025-07-26 12:46:09,574 - main - INFO - Iniciando AI Trading System...
2025-07-26 12:46:09,574 - main - INFO - AI Trading System iniciado correctamente
2025-07-26 14:58:08,165 - main - INFO - Deteniendo AI Trading System...
2025-07-26 14:58:28,529 - main - INFO - Iniciando AI Trading System...
2025-07-26 14:58:28,530 - main - INFO - AI Trading System iniciado correctamente
2025-07-26 15:31:07,511 - main - INFO - Deteniendo AI Trading System...
2025-07-26 15:31:25,267 - main - INFO - Iniciando AI Trading System...
2025-07-26 15:31:25,267 - main - INFO - AI Trading System iniciado correctamente
2025-07-26 16:16:42,059 - main - INFO - Deteniendo AI Trading System...
2025-07-26 16:16:54,163 - main - INFO - Iniciando AI Trading System...
2025-07-26 16:16:54,164 - main - INFO - AI Trading System iniciado correctamente
2025-07-26 16:41:11,255 - main - INFO - Iniciando AI Trading System...
2025-07-26 16:41:11,256 - main - INFO - AI Trading System iniciado correctamente
2025-07-26 19:31:49,686 - main - INFO - Iniciando AI Trading System...
2025-07-26 19:31:49,688 - main - INFO - AI Trading System iniciado correctamente
2025-07-26 19:34:02,408 - main - INFO - Iniciando AI Trading System...
2025-07-26 19:34:02,408 - main - INFO - AI Trading System iniciado correctamente
2025-07-26 20:05:57,227 - main - INFO - Deteniendo AI Trading System...
2025-07-26 20:23:11,064 - api.mega_mind_routes - ERROR - Error importing MegaMindService: No module named 'services.mega_mind_service'
2025-07-26 20:23:11,273 - main - INFO - Iniciando AI Trading System...
2025-07-26 20:23:11,275 - main - INFO - AI Trading System iniciado correctamente
2025-07-26 20:23:36,059 - main - INFO - Deteniendo AI Trading System...
2025-07-26 20:23:47,303 - api.mega_mind_routes - ERROR - Error importing MegaMindService: No module named 'services.mega_mind_service'
2025-07-26 20:23:47,418 - main - INFO - Iniciando AI Trading System...
2025-07-26 20:23:47,419 - main - INFO - AI Trading System iniciado correctamente
2025-07-26 20:24:43,215 - api.mega_mind_routes - ERROR - Error importing MegaMindService: No module named 'services.mega_mind_service'
2025-07-26 20:24:43,339 - main - INFO - Iniciando AI Trading System...
2025-07-26 20:24:43,339 - main - INFO - AI Trading System iniciado correctamente
2025-07-26 20:25:49,515 - yfinance - ERROR - HTTP Error 404: 
2025-07-26 20:25:50,869 - yfinance - ERROR - $EURUSD: possibly delisted; no price data found  (period=5d) (Yahoo error = "No data found, symbol may be delisted")
2025-07-26 20:25:51,732 - yfinance - ERROR - $EURUSD: possibly delisted; no price data found  (period=1mo) (Yahoo error = "No data found, symbol may be delisted")
2025-07-26 20:25:53,200 - yfinance - ERROR - HTTP Error 404: 
2025-07-26 20:25:54,431 - yfinance - ERROR - $GBPUSD: possibly delisted; no price data found  (period=5d) (Yahoo error = "No data found, symbol may be delisted")
2025-07-26 20:25:55,145 - yfinance - ERROR - $GBPUSD: possibly delisted; no price data found  (period=1mo) (Yahoo error = "No data found, symbol may be delisted")
2025-07-26 20:25:56,685 - yfinance - ERROR - $USDJPY: possibly delisted; no price data found  (period=5d) (Yahoo error = "No data found, symbol may be delisted")
2025-07-26 20:25:57,399 - yfinance - ERROR - HTTP Error 404: 
2025-07-26 20:25:58,424 - yfinance - ERROR - $USDJPY: possibly delisted; no price data found  (period=1mo) (Yahoo error = "No data found, symbol may be delisted")
2025-07-26 20:25:59,554 - yfinance - ERROR - $AUDUSD: possibly delisted; no price data found  (period=5d) (Yahoo error = "No data found, symbol may be delisted")
2025-07-26 20:26:00,163 - yfinance - ERROR - HTTP Error 404: 
2025-07-26 20:26:01,188 - yfinance - ERROR - $AUDUSD: possibly delisted; no price data found  (period=1mo) (Yahoo error = "No data found, symbol may be delisted")
2025-07-26 20:26:02,623 - yfinance - ERROR - $USDCAD: possibly delisted; no price data found  (period=5d) (Yahoo error = "No data found, symbol may be delisted")
2025-07-26 20:26:03,237 - yfinance - ERROR - HTTP Error 404: 
2025-07-26 20:26:04,466 - yfinance - ERROR - $USDCAD: possibly delisted; no price data found  (period=1mo) (Yahoo error = "No data found, symbol may be delisted")
2025-07-26 20:26:05,285 - yfinance - ERROR - $EURUSD: possibly delisted; no price data found  (period=5d) (Yahoo error = "No data found, symbol may be delisted")
2025-07-26 20:26:05,899 - yfinance - ERROR - HTTP Error 404: 
2025-07-26 20:26:06,822 - yfinance - ERROR - $EURUSD: possibly delisted; no price data found  (period=1mo) (Yahoo error = "No data found, symbol may be delisted")
2025-07-26 20:26:07,465 - yfinance - ERROR - $GBPUSD: possibly delisted; no price data found  (period=5d) (Yahoo error = "No data found, symbol may be delisted")
2025-07-26 20:26:08,050 - yfinance - ERROR - HTTP Error 404: 
2025-07-26 20:26:09,075 - yfinance - ERROR - $GBPUSD: possibly delisted; no price data found  (period=1mo) (Yahoo error = "No data found, symbol may be delisted")
2025-07-26 20:26:09,710 - yfinance - ERROR - $USDJPY: possibly delisted; no price data found  (period=5d) (Yahoo error = "No data found, symbol may be delisted")
2025-07-26 20:26:10,303 - yfinance - ERROR - HTTP Error 404: 
2025-07-26 20:26:11,225 - yfinance - ERROR - $USDJPY: possibly delisted; no price data found  (period=1mo) (Yahoo error = "No data found, symbol may be delisted")
2025-07-26 20:26:11,903 - yfinance - ERROR - $AUDUSD: possibly delisted; no price data found  (period=5d) (Yahoo error = "No data found, symbol may be delisted")
2025-07-26 20:26:12,557 - yfinance - ERROR - HTTP Error 404: 
2025-07-26 20:26:13,444 - yfinance - ERROR - $AUDUSD: possibly delisted; no price data found  (period=1mo) (Yahoo error = "No data found, symbol may be delisted")
2025-07-26 20:26:13,985 - yfinance - ERROR - $USDCAD: possibly delisted; no price data found  (period=5d) (Yahoo error = "No data found, symbol may be delisted")
2025-07-26 20:26:14,604 - yfinance - ERROR - HTTP Error 404: 
2025-07-26 20:26:15,629 - yfinance - ERROR - $USDCAD: possibly delisted; no price data found  (period=1mo) (Yahoo error = "No data found, symbol may be delisted")
2025-07-26 20:57:45,484 - yfinance - ERROR - $EURUSD: possibly delisted; no price data found  (period=5d) (Yahoo error = "No data found, symbol may be delisted")
2025-07-26 20:57:46,065 - yfinance - ERROR - $EURUSD: possibly delisted; no price data found  (period=5d) (Yahoo error = "No data found, symbol may be delisted")
2025-07-26 20:57:46,672 - yfinance - ERROR - HTTP Error 404: 
2025-07-26 20:57:47,393 - yfinance - ERROR - $EURUSD: possibly delisted; no price data found  (period=1mo) (Yahoo error = "No data found, symbol may be delisted")
2025-07-26 20:57:47,967 - yfinance - ERROR - $AUDUSD: possibly delisted; no price data found  (period=5d) (Yahoo error = "No data found, symbol may be delisted")
2025-07-26 20:57:48,467 - yfinance - ERROR - HTTP Error 404: 
2025-07-26 20:57:49,303 - yfinance - ERROR - $AUDUSD: possibly delisted; no price data found  (period=1mo) (Yahoo error = "No data found, symbol may be delisted")
2025-07-26 20:57:49,811 - yfinance - ERROR - $GBPUSD: possibly delisted; no price data found  (period=5d) (Yahoo error = "No data found, symbol may be delisted")
2025-07-26 20:57:50,311 - yfinance - ERROR - HTTP Error 404: 
2025-07-26 20:57:51,048 - yfinance - ERROR - $GBPUSD: possibly delisted; no price data found  (period=1mo) (Yahoo error = "No data found, symbol may be delisted")
2025-07-26 20:57:51,751 - yfinance - ERROR - $USDCAD: possibly delisted; no price data found  (period=5d) (Yahoo error = "No data found, symbol may be delisted")
2025-07-26 20:57:52,224 - yfinance - ERROR - HTTP Error 404: 
2025-07-26 20:57:52,912 - yfinance - ERROR - $USDCAD: possibly delisted; no price data found  (period=1mo) (Yahoo error = "No data found, symbol may be delisted")
2025-07-26 20:57:53,348 - yfinance - ERROR - $USDJPY: possibly delisted; no price data found  (period=5d) (Yahoo error = "No data found, symbol may be delisted")
2025-07-26 20:57:53,809 - yfinance - ERROR - HTTP Error 404: 
2025-07-26 20:57:54,468 - yfinance - ERROR - $USDJPY: possibly delisted; no price data found  (period=1mo) (Yahoo error = "No data found, symbol may be delisted")
2025-07-26 20:57:54,960 - yfinance - ERROR - $EURUSD: possibly delisted; no price data found  (period=5d) (Yahoo error = "No data found, symbol may be delisted")
2025-07-26 20:57:55,564 - yfinance - ERROR - $AUDUSD: possibly delisted; no price data found  (period=5d) (Yahoo error = "No data found, symbol may be delisted")
2025-07-26 20:57:56,178 - yfinance - ERROR - HTTP Error 404: 
2025-07-26 20:57:56,824 - yfinance - ERROR - $AUDUSD: possibly delisted; no price data found  (period=1mo) (Yahoo error = "No data found, symbol may be delisted")
2025-07-26 20:57:57,423 - yfinance - ERROR - $EURUSD: possibly delisted; no price data found  (period=5d) (Yahoo error = "No data found, symbol may be delisted")
2025-07-26 20:57:58,088 - yfinance - ERROR - HTTP Error 404: 
2025-07-26 20:57:58,859 - yfinance - ERROR - $EURUSD: possibly delisted; no price data found  (period=1mo) (Yahoo error = "No data found, symbol may be delisted")
2025-07-26 20:57:59,460 - yfinance - ERROR - $GBPUSD: possibly delisted; no price data found  (period=5d) (Yahoo error = "No data found, symbol may be delisted")
2025-07-26 20:57:59,979 - yfinance - ERROR - HTTP Error 404: 
2025-07-26 20:58:00,683 - yfinance - ERROR - $GBPUSD: possibly delisted; no price data found  (period=1mo) (Yahoo error = "No data found, symbol may be delisted")
2025-07-26 20:58:01,389 - yfinance - ERROR - $USDCAD: possibly delisted; no price data found  (period=5d) (Yahoo error = "No data found, symbol may be delisted")
2025-07-26 20:58:02,117 - yfinance - ERROR - HTTP Error 404: 
2025-07-26 20:58:02,765 - yfinance - ERROR - $USDCAD: possibly delisted; no price data found  (period=1mo) (Yahoo error = "No data found, symbol may be delisted")
2025-07-26 20:58:03,326 - yfinance - ERROR - $USDJPY: possibly delisted; no price data found  (period=5d) (Yahoo error = "No data found, symbol may be delisted")
2025-07-26 20:58:03,839 - yfinance - ERROR - HTTP Error 404: 
2025-07-26 20:58:04,546 - yfinance - ERROR - $USDJPY: possibly delisted; no price data found  (period=1mo) (Yahoo error = "No data found, symbol may be delisted")
2025-07-26 20:58:05,121 - yfinance - ERROR - $EURUSD: possibly delisted; no price data found  (period=5d) (Yahoo error = "No data found, symbol may be delisted")
2025-07-26 20:58:05,688 - yfinance - ERROR - HTTP Error 404: 
2025-07-26 20:58:06,448 - yfinance - ERROR - $EURUSD: possibly delisted; no price data found  (period=1mo) (Yahoo error = "No data found, symbol may be delisted")
2025-07-26 20:58:07,179 - yfinance - ERROR - $EURUSD: possibly delisted; no price data found  (period=5d) (Yahoo error = "No data found, symbol may be delisted")
2025-07-26 20:58:08,059 - yfinance - ERROR - $AUDUSD: possibly delisted; no price data found  (period=5d) (Yahoo error = "No data found, symbol may be delisted")
2025-07-26 20:58:08,612 - yfinance - ERROR - HTTP Error 404: 
2025-07-26 20:58:09,359 - yfinance - ERROR - $AUDUSD: possibly delisted; no price data found  (period=1mo) (Yahoo error = "No data found, symbol may be delisted")
2025-07-26 20:58:10,007 - yfinance - ERROR - $GBPUSD: possibly delisted; no price data found  (period=5d) (Yahoo error = "No data found, symbol may be delisted")
2025-07-26 20:58:10,548 - yfinance - ERROR - HTTP Error 404: 
2025-07-26 20:58:11,387 - yfinance - ERROR - $GBPUSD: possibly delisted; no price data found  (period=1mo) (Yahoo error = "No data found, symbol may be delisted")
2025-07-26 20:58:12,042 - yfinance - ERROR - $USDCAD: possibly delisted; no price data found  (period=5d) (Yahoo error = "No data found, symbol may be delisted")
2025-07-26 20:58:12,580 - yfinance - ERROR - HTTP Error 404: 
2025-07-26 20:58:13,311 - yfinance - ERROR - $USDCAD: possibly delisted; no price data found  (period=1mo) (Yahoo error = "No data found, symbol may be delisted")
2025-07-26 20:58:13,822 - yfinance - ERROR - $USDJPY: possibly delisted; no price data found  (period=5d) (Yahoo error = "No data found, symbol may be delisted")
2025-07-26 20:58:14,347 - yfinance - ERROR - HTTP Error 404: 
2025-07-26 20:58:15,029 - yfinance - ERROR - $USDJPY: possibly delisted; no price data found  (period=1mo) (Yahoo error = "No data found, symbol may be delisted")
2025-07-26 20:58:15,607 - yfinance - ERROR - $EURUSD: possibly delisted; no price data found  (period=5d) (Yahoo error = "No data found, symbol may be delisted")
2025-07-26 20:58:16,129 - yfinance - ERROR - HTTP Error 404: 
2025-07-26 20:58:16,854 - yfinance - ERROR - $EURUSD: possibly delisted; no price data found  (period=1mo) (Yahoo error = "No data found, symbol may be delisted")
2025-07-26 20:58:17,556 - yfinance - ERROR - $AUDUSD: possibly delisted; no price data found  (period=5d) (Yahoo error = "No data found, symbol may be delisted")
2025-07-26 20:58:18,270 - yfinance - ERROR - HTTP Error 404: 
2025-07-26 20:58:19,062 - yfinance - ERROR - $AUDUSD: possibly delisted; no price data found  (period=1mo) (Yahoo error = "No data found, symbol may be delisted")
2025-07-26 20:58:19,605 - yfinance - ERROR - $GBPUSD: possibly delisted; no price data found  (period=5d) (Yahoo error = "No data found, symbol may be delisted")
2025-07-26 20:58:20,137 - yfinance - ERROR - HTTP Error 404: 
2025-07-26 20:58:20,833 - yfinance - ERROR - $GBPUSD: possibly delisted; no price data found  (period=1mo) (Yahoo error = "No data found, symbol may be delisted")
2025-07-26 20:58:21,291 - yfinance - ERROR - $USDCAD: possibly delisted; no price data found  (period=5d) (Yahoo error = "No data found, symbol may be delisted")
2025-07-26 20:58:21,833 - yfinance - ERROR - HTTP Error 404: 
2025-07-26 20:58:22,560 - yfinance - ERROR - $USDCAD: possibly delisted; no price data found  (period=1mo) (Yahoo error = "No data found, symbol may be delisted")
2025-07-26 20:58:23,257 - yfinance - ERROR - $USDJPY: possibly delisted; no price data found  (period=5d) (Yahoo error = "No data found, symbol may be delisted")
2025-07-26 20:58:23,773 - yfinance - ERROR - HTTP Error 404: 
2025-07-26 20:58:24,470 - yfinance - ERROR - $USDJPY: possibly delisted; no price data found  (period=1mo) (Yahoo error = "No data found, symbol may be delisted")
2025-07-26 20:58:25,224 - yfinance - ERROR - $EURUSD: possibly delisted; no price data found  (period=5d) (Yahoo error = "No data found, symbol may be delisted")
2025-07-26 20:58:25,929 - yfinance - ERROR - $EURUSD: possibly delisted; no price data found  (period=5d) (Yahoo error = "No data found, symbol may be delisted")
2025-07-26 20:58:26,549 - yfinance - ERROR - HTTP Error 404: 
2025-07-26 20:58:27,421 - yfinance - ERROR - $EURUSD: possibly delisted; no price data found  (period=1mo) (Yahoo error = "No data found, symbol may be delisted")
2025-07-26 21:00:04,535 - yfinance - ERROR - $EURUSD: possibly delisted; no price data found  (period=5d) (Yahoo error = "No data found, symbol may be delisted")
2025-07-26 21:00:05,336 - yfinance - ERROR - $EURUSD: possibly delisted; no price data found  (period=5d) (Yahoo error = "No data found, symbol may be delisted")
2025-07-26 21:00:05,914 - yfinance - ERROR - HTTP Error 404: 
2025-07-26 21:00:06,696 - yfinance - ERROR - $EURUSD: possibly delisted; no price data found  (period=1mo) (Yahoo error = "No data found, symbol may be delisted")
2025-07-26 21:00:07,263 - yfinance - ERROR - $AUDUSD: possibly delisted; no price data found  (period=5d) (Yahoo error = "No data found, symbol may be delisted")
2025-07-26 21:00:07,848 - yfinance - ERROR - HTTP Error 404: 
2025-07-26 21:00:08,619 - yfinance - ERROR - $AUDUSD: possibly delisted; no price data found  (period=1mo) (Yahoo error = "No data found, symbol may be delisted")
2025-07-26 21:00:09,266 - yfinance - ERROR - $GBPUSD: possibly delisted; no price data found  (period=5d) (Yahoo error = "No data found, symbol may be delisted")
2025-07-26 21:00:09,877 - yfinance - ERROR - HTTP Error 404: 
2025-07-26 21:00:10,594 - yfinance - ERROR - $GBPUSD: possibly delisted; no price data found  (period=1mo) (Yahoo error = "No data found, symbol may be delisted")
2025-07-26 21:00:11,069 - yfinance - ERROR - $USDCAD: possibly delisted; no price data found  (period=5d) (Yahoo error = "No data found, symbol may be delisted")
2025-07-26 21:00:11,626 - yfinance - ERROR - HTTP Error 404: 
2025-07-26 21:00:12,362 - yfinance - ERROR - $USDCAD: possibly delisted; no price data found  (period=1mo) (Yahoo error = "No data found, symbol may be delisted")
2025-07-26 21:00:12,990 - yfinance - ERROR - $USDJPY: possibly delisted; no price data found  (period=5d) (Yahoo error = "No data found, symbol may be delisted")
2025-07-26 21:00:13,649 - yfinance - ERROR - HTTP Error 404: 
2025-07-26 21:00:14,380 - yfinance - ERROR - $USDJPY: possibly delisted; no price data found  (period=1mo) (Yahoo error = "No data found, symbol may be delisted")
2025-07-26 21:00:15,051 - yfinance - ERROR - $EURUSD: possibly delisted; no price data found  (period=5d) (Yahoo error = "No data found, symbol may be delisted")
2025-07-26 21:00:15,579 - yfinance - ERROR - HTTP Error 404: 
2025-07-26 21:00:16,389 - yfinance - ERROR - $EURUSD: possibly delisted; no price data found  (period=1mo) (Yahoo error = "No data found, symbol may be delisted")
2025-07-26 21:00:16,998 - yfinance - ERROR - $EURUSD: possibly delisted; no price data found  (period=5d) (Yahoo error = "No data found, symbol may be delisted")
2025-07-26 21:00:17,490 - yfinance - ERROR - $AUDUSD: possibly delisted; no price data found  (period=5d) (Yahoo error = "No data found, symbol may be delisted")
2025-07-26 21:00:18,019 - yfinance - ERROR - HTTP Error 404: 
2025-07-26 21:00:18,813 - yfinance - ERROR - $AUDUSD: possibly delisted; no price data found  (period=1mo) (Yahoo error = "No data found, symbol may be delisted")
2025-07-26 21:00:19,477 - yfinance - ERROR - $GBPUSD: possibly delisted; no price data found  (period=5d) (Yahoo error = "No data found, symbol may be delisted")
2025-07-26 21:00:20,128 - yfinance - ERROR - HTTP Error 404: 
2025-07-26 21:00:20,856 - yfinance - ERROR - $GBPUSD: possibly delisted; no price data found  (period=1mo) (Yahoo error = "No data found, symbol may be delisted")
2025-07-26 21:00:21,387 - yfinance - ERROR - $USDCAD: possibly delisted; no price data found  (period=5d) (Yahoo error = "No data found, symbol may be delisted")
2025-07-26 21:00:21,874 - yfinance - ERROR - HTTP Error 404: 
2025-07-26 21:00:22,701 - yfinance - ERROR - $USDCAD: possibly delisted; no price data found  (period=1mo) (Yahoo error = "No data found, symbol may be delisted")
2025-07-26 21:00:23,328 - yfinance - ERROR - $USDJPY: possibly delisted; no price data found  (period=5d) (Yahoo error = "No data found, symbol may be delisted")
2025-07-26 21:00:23,867 - yfinance - ERROR - HTTP Error 404: 
2025-07-26 21:00:24,630 - yfinance - ERROR - $USDJPY: possibly delisted; no price data found  (period=1mo) (Yahoo error = "No data found, symbol may be delisted")
2025-07-26 21:00:25,175 - yfinance - ERROR - $EURUSD: possibly delisted; no price data found  (period=5d) (Yahoo error = "No data found, symbol may be delisted")
2025-07-26 21:00:25,819 - yfinance - ERROR - HTTP Error 404: 
2025-07-26 21:00:26,429 - yfinance - ERROR - $EURUSD: possibly delisted; no price data found  (period=1mo) (Yahoo error = "No data found, symbol may be delisted")
2025-07-26 21:00:26,888 - yfinance - ERROR - $AUDUSD: possibly delisted; no price data found  (period=5d) (Yahoo error = "No data found, symbol may be delisted")
2025-07-26 21:00:27,378 - yfinance - ERROR - HTTP Error 404: 
2025-07-26 21:00:28,164 - yfinance - ERROR - $AUDUSD: possibly delisted; no price data found  (period=1mo) (Yahoo error = "No data found, symbol may be delisted")
2025-07-26 21:00:28,620 - yfinance - ERROR - $GBPUSD: possibly delisted; no price data found  (period=5d) (Yahoo error = "No data found, symbol may be delisted")
2025-07-26 21:00:29,118 - yfinance - ERROR - HTTP Error 404: 
2025-07-26 21:00:29,853 - yfinance - ERROR - $GBPUSD: possibly delisted; no price data found  (period=1mo) (Yahoo error = "No data found, symbol may be delisted")
2025-07-26 21:00:30,396 - yfinance - ERROR - $USDCAD: possibly delisted; no price data found  (period=5d) (Yahoo error = "No data found, symbol may be delisted")
2025-07-26 21:00:30,893 - yfinance - ERROR - HTTP Error 404: 
2025-07-26 21:00:31,561 - yfinance - ERROR - $USDCAD: possibly delisted; no price data found  (period=1mo) (Yahoo error = "No data found, symbol may be delisted")
2025-07-26 21:00:32,100 - yfinance - ERROR - $USDJPY: possibly delisted; no price data found  (period=5d) (Yahoo error = "No data found, symbol may be delisted")
2025-07-26 21:00:32,632 - yfinance - ERROR - HTTP Error 404: 
2025-07-26 21:00:33,411 - yfinance - ERROR - $USDJPY: possibly delisted; no price data found  (period=1mo) (Yahoo error = "No data found, symbol may be delisted")
2025-07-26 21:00:34,092 - yfinance - ERROR - $EURUSD: possibly delisted; no price data found  (period=5d) (Yahoo error = "No data found, symbol may be delisted")
2025-07-26 21:00:34,682 - yfinance - ERROR - HTTP Error 404: 
2025-07-26 21:00:35,437 - yfinance - ERROR - $EURUSD: possibly delisted; no price data found  (period=1mo) (Yahoo error = "No data found, symbol may be delisted")
2025-07-26 21:00:36,166 - yfinance - ERROR - $AUDUSD: possibly delisted; no price data found  (period=5d) (Yahoo error = "No data found, symbol may be delisted")
2025-07-26 21:00:36,668 - yfinance - ERROR - HTTP Error 404: 
2025-07-26 21:00:37,410 - yfinance - ERROR - $AUDUSD: possibly delisted; no price data found  (period=1mo) (Yahoo error = "No data found, symbol may be delisted")
2025-07-26 21:00:37,971 - yfinance - ERROR - $GBPUSD: possibly delisted; no price data found  (period=5d) (Yahoo error = "No data found, symbol may be delisted")
2025-07-26 21:00:38,497 - yfinance - ERROR - HTTP Error 404: 
2025-07-26 21:00:39,323 - yfinance - ERROR - $GBPUSD: possibly delisted; no price data found  (period=1mo) (Yahoo error = "No data found, symbol may be delisted")
2025-07-26 21:00:39,761 - yfinance - ERROR - $USDCAD: possibly delisted; no price data found  (period=5d) (Yahoo error = "No data found, symbol may be delisted")
2025-07-26 21:00:40,329 - yfinance - ERROR - HTTP Error 404: 
2025-07-26 21:00:41,141 - yfinance - ERROR - $USDCAD: possibly delisted; no price data found  (period=1mo) (Yahoo error = "No data found, symbol may be delisted")
2025-07-26 21:00:41,653 - yfinance - ERROR - $USDJPY: possibly delisted; no price data found  (period=5d) (Yahoo error = "No data found, symbol may be delisted")
2025-07-26 21:00:42,376 - yfinance - ERROR - HTTP Error 404: 
2025-07-26 21:00:43,205 - yfinance - ERROR - $USDJPY: possibly delisted; no price data found  (period=1mo) (Yahoo error = "No data found, symbol may be delisted")
2025-07-26 21:00:53,946 - yfinance - ERROR - $EURUSD: possibly delisted; no price data found  (period=5d) (Yahoo error = "No data found, symbol may be delisted")
2025-07-26 21:00:54,559 - yfinance - ERROR - $AUDUSD: possibly delisted; no price data found  (period=5d) (Yahoo error = "No data found, symbol may be delisted")
2025-07-26 21:00:55,130 - yfinance - ERROR - HTTP Error 404: 
2025-07-26 21:00:55,911 - yfinance - ERROR - $AUDUSD: possibly delisted; no price data found  (period=1mo) (Yahoo error = "No data found, symbol may be delisted")
2025-07-26 21:00:56,352 - yfinance - ERROR - $EURUSD: possibly delisted; no price data found  (period=5d) (Yahoo error = "No data found, symbol may be delisted")
2025-07-26 21:00:56,867 - yfinance - ERROR - HTTP Error 404: 
2025-07-26 21:00:57,508 - yfinance - ERROR - $EURUSD: possibly delisted; no price data found  (period=1mo) (Yahoo error = "No data found, symbol may be delisted")
2025-07-26 21:00:57,977 - yfinance - ERROR - $GBPUSD: possibly delisted; no price data found  (period=5d) (Yahoo error = "No data found, symbol may be delisted")
2025-07-26 21:00:58,504 - yfinance - ERROR - HTTP Error 404: 
2025-07-26 21:00:59,387 - yfinance - ERROR - $GBPUSD: possibly delisted; no price data found  (period=1mo) (Yahoo error = "No data found, symbol may be delisted")
2025-07-26 21:00:59,912 - yfinance - ERROR - $USDCAD: possibly delisted; no price data found  (period=5d) (Yahoo error = "No data found, symbol may be delisted")
2025-07-26 21:01:00,695 - yfinance - ERROR - HTTP Error 404: 
2025-07-26 21:01:01,428 - yfinance - ERROR - $USDCAD: possibly delisted; no price data found  (period=1mo) (Yahoo error = "No data found, symbol may be delisted")
2025-07-26 21:01:02,069 - yfinance - ERROR - $USDJPY: possibly delisted; no price data found  (period=5d) (Yahoo error = "No data found, symbol may be delisted")
2025-07-26 21:01:02,736 - yfinance - ERROR - HTTP Error 404: 
2025-07-26 21:01:03,522 - yfinance - ERROR - $USDJPY: possibly delisted; no price data found  (period=1mo) (Yahoo error = "No data found, symbol may be delisted")
2025-07-26 21:01:04,099 - yfinance - ERROR - $EURUSD: possibly delisted; no price data found  (period=5d) (Yahoo error = "No data found, symbol may be delisted")
2025-07-26 21:01:04,652 - yfinance - ERROR - HTTP Error 404: 
2025-07-26 21:01:05,536 - yfinance - ERROR - $EURUSD: possibly delisted; no price data found  (period=1mo) (Yahoo error = "No data found, symbol may be delisted")
2025-07-26 21:01:06,097 - yfinance - ERROR - $EURUSD: possibly delisted; no price data found  (period=5d) (Yahoo error = "No data found, symbol may be delisted")
2025-07-26 21:01:06,648 - yfinance - ERROR - $AUDUSD: possibly delisted; no price data found  (period=5d) (Yahoo error = "No data found, symbol may be delisted")
2025-07-26 21:01:07,172 - yfinance - ERROR - HTTP Error 404: 
2025-07-26 21:01:07,920 - yfinance - ERROR - $AUDUSD: possibly delisted; no price data found  (period=1mo) (Yahoo error = "No data found, symbol may be delisted")
2025-07-26 21:01:08,522 - yfinance - ERROR - $GBPUSD: possibly delisted; no price data found  (period=5d) (Yahoo error = "No data found, symbol may be delisted")
2025-07-26 21:01:09,095 - yfinance - ERROR - HTTP Error 404: 
2025-07-26 21:01:09,794 - yfinance - ERROR - $GBPUSD: possibly delisted; no price data found  (period=1mo) (Yahoo error = "No data found, symbol may be delisted")
2025-07-26 21:01:10,356 - yfinance - ERROR - $USDCAD: possibly delisted; no price data found  (period=5d) (Yahoo error = "No data found, symbol may be delisted")
2025-07-26 21:01:10,859 - yfinance - ERROR - HTTP Error 404: 
2025-07-26 21:01:11,505 - yfinance - ERROR - $USDCAD: possibly delisted; no price data found  (period=1mo) (Yahoo error = "No data found, symbol may be delisted")
2025-07-26 21:01:11,947 - yfinance - ERROR - $USDJPY: possibly delisted; no price data found  (period=5d) (Yahoo error = "No data found, symbol may be delisted")
2025-07-26 21:01:12,504 - yfinance - ERROR - HTTP Error 404: 
2025-07-26 21:01:13,267 - yfinance - ERROR - $USDJPY: possibly delisted; no price data found  (period=1mo) (Yahoo error = "No data found, symbol may be delisted")
2025-07-26 21:01:13,801 - yfinance - ERROR - $EURUSD: possibly delisted; no price data found  (period=5d) (Yahoo error = "No data found, symbol may be delisted")
2025-07-26 21:01:14,415 - yfinance - ERROR - HTTP Error 404: 
2025-07-26 21:01:15,258 - yfinance - ERROR - $EURUSD: possibly delisted; no price data found  (period=1mo) (Yahoo error = "No data found, symbol may be delisted")
2025-07-26 21:01:23,837 - yfinance - ERROR - $EURUSD: possibly delisted; no price data found  (period=5d) (Yahoo error = "No data found, symbol may be delisted")
2025-07-26 21:01:24,470 - yfinance - ERROR - $AUDUSD: possibly delisted; no price data found  (period=5d) (Yahoo error = "No data found, symbol may be delisted")
2025-07-26 21:01:24,990 - yfinance - ERROR - HTTP Error 404: 
2025-07-26 21:01:25,735 - yfinance - ERROR - $AUDUSD: possibly delisted; no price data found  (period=1mo) (Yahoo error = "No data found, symbol may be delisted")
2025-07-26 21:01:26,252 - yfinance - ERROR - $EURUSD: possibly delisted; no price data found  (period=5d) (Yahoo error = "No data found, symbol may be delisted")
2025-07-26 21:01:26,791 - yfinance - ERROR - HTTP Error 404: 
2025-07-26 21:01:27,622 - yfinance - ERROR - $EURUSD: possibly delisted; no price data found  (period=1mo) (Yahoo error = "No data found, symbol may be delisted")
2025-07-26 21:01:28,173 - yfinance - ERROR - $GBPUSD: possibly delisted; no price data found  (period=5d) (Yahoo error = "No data found, symbol may be delisted")
2025-07-26 21:01:28,728 - yfinance - ERROR - HTTP Error 404: 
2025-07-26 21:01:29,664 - yfinance - ERROR - $GBPUSD: possibly delisted; no price data found  (period=1mo) (Yahoo error = "No data found, symbol may be delisted")
2025-07-26 21:01:30,284 - yfinance - ERROR - $USDCAD: possibly delisted; no price data found  (period=5d) (Yahoo error = "No data found, symbol may be delisted")
2025-07-26 21:01:30,842 - yfinance - ERROR - HTTP Error 404: 
2025-07-26 21:01:31,578 - yfinance - ERROR - $USDCAD: possibly delisted; no price data found  (period=1mo) (Yahoo error = "No data found, symbol may be delisted")
2025-07-26 21:01:32,128 - yfinance - ERROR - $USDJPY: possibly delisted; no price data found  (period=5d) (Yahoo error = "No data found, symbol may be delisted")
2025-07-26 21:01:32,712 - yfinance - ERROR - HTTP Error 404: 
2025-07-26 21:01:33,561 - yfinance - ERROR - $USDJPY: possibly delisted; no price data found  (period=1mo) (Yahoo error = "No data found, symbol may be delisted")
2025-07-26 21:01:34,180 - yfinance - ERROR - $EURUSD: possibly delisted; no price data found  (period=5d) (Yahoo error = "No data found, symbol may be delisted")
2025-07-26 21:01:34,669 - yfinance - ERROR - HTTP Error 404: 
2025-07-26 21:01:35,443 - yfinance - ERROR - $EURUSD: possibly delisted; no price data found  (period=1mo) (Yahoo error = "No data found, symbol may be delisted")
2025-07-26 21:01:36,048 - yfinance - ERROR - $EURUSD: possibly delisted; no price data found  (period=5d) (Yahoo error = "No data found, symbol may be delisted")
2025-07-26 21:01:36,707 - yfinance - ERROR - $AUDUSD: possibly delisted; no price data found  (period=5d) (Yahoo error = "No data found, symbol may be delisted")
2025-07-26 21:01:37,241 - yfinance - ERROR - HTTP Error 404: 
2025-07-26 21:01:37,886 - yfinance - ERROR - $AUDUSD: possibly delisted; no price data found  (period=1mo) (Yahoo error = "No data found, symbol may be delisted")
2025-07-26 21:01:38,555 - yfinance - ERROR - $GBPUSD: possibly delisted; no price data found  (period=5d) (Yahoo error = "No data found, symbol may be delisted")
2025-07-26 21:01:39,081 - yfinance - ERROR - HTTP Error 404: 
2025-07-26 21:01:39,862 - yfinance - ERROR - $GBPUSD: possibly delisted; no price data found  (period=1mo) (Yahoo error = "No data found, symbol may be delisted")
2025-07-26 21:01:40,493 - yfinance - ERROR - $USDCAD: possibly delisted; no price data found  (period=5d) (Yahoo error = "No data found, symbol may be delisted")
2025-07-26 21:01:41,004 - yfinance - ERROR - HTTP Error 404: 
2025-07-26 21:01:41,712 - yfinance - ERROR - $USDCAD: possibly delisted; no price data found  (period=1mo) (Yahoo error = "No data found, symbol may be delisted")
2025-07-26 21:01:42,260 - yfinance - ERROR - $USDJPY: possibly delisted; no price data found  (period=5d) (Yahoo error = "No data found, symbol may be delisted")
2025-07-26 21:01:42,833 - yfinance - ERROR - HTTP Error 404: 
2025-07-26 21:01:43,766 - yfinance - ERROR - $USDJPY: possibly delisted; no price data found  (period=1mo) (Yahoo error = "No data found, symbol may be delisted")
2025-07-26 21:01:56,712 - yfinance - ERROR - $EURUSD: possibly delisted; no price data found  (period=5d) (Yahoo error = "No data found, symbol may be delisted")
2025-07-26 21:02:00,104 - yfinance - ERROR - $EURUSD: possibly delisted; no price data found  (period=5d) (Yahoo error = "No data found, symbol may be delisted")
2025-07-26 21:02:01,662 - yfinance - ERROR - $EURUSD: possibly delisted; no price data found  (period=1y) (Yahoo error = "No data found, symbol may be delisted")
2025-07-26 21:03:25,739 - yfinance - ERROR - $EURUSD: possibly delisted; no price data found  (period=5d) (Yahoo error = "No data found, symbol may be delisted")
2025-07-26 21:03:26,368 - yfinance - ERROR - $EURUSD: possibly delisted; no price data found  (period=5d) (Yahoo error = "No data found, symbol may be delisted")
2025-07-26 21:04:42,629 - main - INFO - Deteniendo AI Trading System...
2025-07-26 21:05:28,148 - api.mega_mind_routes - ERROR - Error importing MegaMindService: No module named 'services.mega_mind_service'
2025-07-26 21:05:28,378 - main - INFO - Iniciando AI Trading System...
2025-07-26 21:05:28,392 - main - INFO - AI Trading System iniciado correctamente
2025-07-26 21:05:34,468 - api.mega_mind_routes - ERROR - Error importing MegaMindService: No module named 'services.mega_mind_service'
2025-07-26 21:05:34,550 - main - INFO - Iniciando AI Trading System...
2025-07-26 21:05:34,550 - main - INFO - AI Trading System iniciado correctamente
2025-07-26 21:06:11,745 - main - INFO - Deteniendo AI Trading System...
2025-07-26 21:06:16,024 - api.mega_mind_routes - ERROR - Error importing MegaMindService: No module named 'services.mega_mind_service'
2025-07-26 21:06:16,121 - main - INFO - Iniciando AI Trading System...
2025-07-26 21:06:16,121 - main - INFO - AI Trading System iniciado correctamente
2025-07-26 21:07:26,969 - main - INFO - Deteniendo AI Trading System...
2025-07-26 21:07:31,066 - api.mega_mind_routes - ERROR - Error importing MegaMindService: No module named 'services.mega_mind_service'
2025-07-26 21:07:31,135 - main - INFO - Iniciando AI Trading System...
2025-07-26 21:07:31,136 - main - INFO - AI Trading System iniciado correctamente
2025-07-26 22:07:03,474 - main - INFO - Deteniendo AI Trading System...
2025-07-26 22:07:25,772 - services.subscription_service - ERROR - Error cargando datos de suscripciones: 1 validation error for SubscriptionPlan
plan_type
  Input should be 'starter', 'trader', 'expert', 'premium' or 'institutional' [type=enum, input_value='freemium', input_type=str]
    For further information visit https://errors.pydantic.dev/2.10/v/enum
2025-07-26 22:07:25,842 - services.subscription_service - ERROR - Error cargando datos de suscripciones: 1 validation error for SubscriptionPlan
plan_type
  Input should be 'starter', 'trader', 'expert', 'premium' or 'institutional' [type=enum, input_value='freemium', input_type=str]
    For further information visit https://errors.pydantic.dev/2.10/v/enum
2025-07-26 22:07:25,941 - api.mega_mind_routes - ERROR - Error importing MegaMindService: No module named 'services.mega_mind_service'
2025-07-26 22:07:26,019 - main - INFO - Iniciando AI Trading System...
2025-07-26 22:07:26,019 - main - INFO - AI Trading System iniciado correctamente
2025-07-26 22:07:33,206 - main - INFO - Deteniendo AI Trading System...
2025-07-26 22:07:40,883 - services.subscription_service - ERROR - Error cargando datos de suscripciones: 1 validation error for SubscriptionPlan
plan_type
  Input should be 'starter', 'trader', 'expert', 'premium' or 'institutional' [type=enum, input_value='freemium', input_type=str]
    For further information visit https://errors.pydantic.dev/2.10/v/enum
2025-07-26 22:07:40,931 - services.subscription_service - ERROR - Error cargando datos de suscripciones: 1 validation error for SubscriptionPlan
plan_type
  Input should be 'starter', 'trader', 'expert', 'premium' or 'institutional' [type=enum, input_value='freemium', input_type=str]
    For further information visit https://errors.pydantic.dev/2.10/v/enum
2025-07-26 22:07:41,024 - api.mega_mind_routes - ERROR - Error importing MegaMindService: No module named 'services.mega_mind_service'
2025-07-26 22:07:41,113 - main - INFO - Iniciando AI Trading System...
2025-07-26 22:07:41,114 - main - INFO - AI Trading System iniciado correctamente
2025-07-26 22:11:17,960 - main - INFO - Deteniendo AI Trading System...
2025-07-26 22:11:34,494 - services.subscription_service - ERROR - Error cargando datos de suscripciones: 1 validation error for SubscriptionPlan
plan_type
  Input should be 'starter', 'trader', 'expert', 'premium' or 'institutional' [type=enum, input_value='freemium', input_type=str]
    For further information visit https://errors.pydantic.dev/2.10/v/enum
2025-07-26 22:11:34,659 - services.subscription_service - ERROR - Error cargando datos de suscripciones: 1 validation error for SubscriptionPlan
plan_type
  Input should be 'starter', 'trader', 'expert', 'premium' or 'institutional' [type=enum, input_value='freemium', input_type=str]
    For further information visit https://errors.pydantic.dev/2.10/v/enum
2025-07-26 22:11:34,942 - api.mega_mind_routes - ERROR - Error importing MegaMindService: No module named 'services.mega_mind_service'
2025-07-26 22:11:35,225 - main - INFO - Iniciando AI Trading System...
2025-07-26 22:11:35,226 - main - INFO - AI Trading System iniciado correctamente
2025-07-26 22:12:10,223 - main - INFO - Deteniendo AI Trading System...
2025-07-26 22:12:24,199 - services.subscription_service - ERROR - Error cargando datos de suscripciones: 1 validation error for SubscriptionPlan
plan_type
  Input should be 'starter', 'trader', 'expert', 'premium' or 'institutional' [type=enum, input_value='freemium', input_type=str]
    For further information visit https://errors.pydantic.dev/2.10/v/enum
2025-07-26 22:12:24,250 - services.subscription_service - ERROR - Error cargando datos de suscripciones: 1 validation error for SubscriptionPlan
plan_type
  Input should be 'starter', 'trader', 'expert', 'premium' or 'institutional' [type=enum, input_value='freemium', input_type=str]
    For further information visit https://errors.pydantic.dev/2.10/v/enum
2025-07-26 22:12:24,349 - api.mega_mind_routes - ERROR - Error importing MegaMindService: No module named 'services.mega_mind_service'
2025-07-26 22:12:24,423 - main - INFO - Iniciando AI Trading System...
2025-07-26 22:12:24,424 - main - INFO - AI Trading System iniciado correctamente
2025-07-26 22:29:07,677 - main - INFO - Deteniendo AI Trading System...
2025-07-26 22:29:33,255 - api.mega_mind_routes - ERROR - Error importing MegaMindService: No module named 'services.mega_mind_service'
2025-07-26 22:29:33,336 - main - INFO - Iniciando AI Trading System...
2025-07-26 22:29:33,336 - main - INFO - AI Trading System iniciado correctamente
2025-07-26 22:43:54,981 - main - INFO - Deteniendo AI Trading System...
2025-07-26 22:44:12,964 - api.mega_mind_routes - ERROR - Error importing MegaMindService: No module named 'services.mega_mind_service'
2025-07-26 22:44:13,109 - main - INFO - Iniciando AI Trading System...
2025-07-26 22:44:13,131 - main - INFO - AI Trading System iniciado correctamente
2025-07-26 22:48:02,364 - main - INFO - Deteniendo AI Trading System...
2025-07-26 22:48:22,310 - api.mega_mind_routes - ERROR - Error importing MegaMindService: No module named 'services.mega_mind_service'
2025-07-26 22:48:22,470 - main - INFO - Iniciando AI Trading System...
2025-07-26 22:48:22,471 - main - INFO - AI Trading System iniciado correctamente
2025-07-26 22:48:59,339 - main - INFO - Deteniendo AI Trading System...
2025-07-26 22:49:07,929 - api.mega_mind_routes - ERROR - Error importing MegaMindService: No module named 'services.mega_mind_service'
2025-07-26 22:49:08,090 - main - INFO - Iniciando AI Trading System...
2025-07-26 22:49:08,092 - main - INFO - AI Trading System iniciado correctamente
2025-07-26 22:49:24,846 - main - INFO - Deteniendo AI Trading System...
2025-07-26 22:49:36,639 - api.mega_mind_routes - ERROR - Error importing MegaMindService: No module named 'services.mega_mind_service'
2025-07-26 22:49:36,849 - main - INFO - Iniciando AI Trading System...
2025-07-26 22:49:36,849 - main - INFO - AI Trading System iniciado correctamente
2025-07-26 22:49:50,722 - main - INFO - Deteniendo AI Trading System...
2025-07-26 22:50:01,067 - api.mega_mind_routes - ERROR - Error importing MegaMindService: No module named 'services.mega_mind_service'
2025-07-26 22:50:01,138 - main - INFO - Iniciando AI Trading System...
2025-07-26 22:50:01,138 - main - INFO - AI Trading System iniciado correctamente
2025-07-26 22:51:29,292 - main - INFO - Deteniendo AI Trading System...
2025-07-26 22:51:40,172 - api.mega_mind_routes - ERROR - Error importing MegaMindService: No module named 'services.mega_mind_service'
2025-07-26 22:51:40,291 - main - INFO - Iniciando AI Trading System...
2025-07-26 22:51:40,298 - main - INFO - AI Trading System iniciado correctamente
2025-07-26 22:51:51,687 - main - INFO - Deteniendo AI Trading System...
2025-07-26 22:52:02,423 - api.mega_mind_routes - ERROR - Error importing MegaMindService: No module named 'services.mega_mind_service'
2025-07-26 22:52:02,563 - main - INFO - Iniciando AI Trading System...
2025-07-26 22:52:02,564 - main - INFO - AI Trading System iniciado correctamente
2025-07-26 22:52:11,991 - main - INFO - Deteniendo AI Trading System...
2025-07-26 22:52:22,532 - api.mega_mind_routes - ERROR - Error importing MegaMindService: No module named 'services.mega_mind_service'
2025-07-26 22:52:22,712 - main - INFO - Iniciando AI Trading System...
2025-07-26 22:52:22,712 - main - INFO - AI Trading System iniciado correctamente
2025-07-26 22:52:27,970 - main - INFO - Deteniendo AI Trading System...
2025-07-26 22:52:37,976 - api.mega_mind_routes - ERROR - Error importing MegaMindService: No module named 'services.mega_mind_service'
2025-07-26 22:52:38,123 - main - INFO - Iniciando AI Trading System...
2025-07-26 22:52:38,124 - main - INFO - AI Trading System iniciado correctamente
2025-07-26 22:52:55,245 - main - INFO - Deteniendo AI Trading System...
2025-07-26 22:53:07,053 - api.mega_mind_routes - ERROR - Error importing MegaMindService: No module named 'services.mega_mind_service'
2025-07-26 22:53:07,273 - main - INFO - Iniciando AI Trading System...
2025-07-26 22:53:07,274 - main - INFO - AI Trading System iniciado correctamente
2025-07-26 22:53:17,617 - main - INFO - Deteniendo AI Trading System...
2025-07-26 22:53:27,074 - api.mega_mind_routes - ERROR - Error importing MegaMindService: No module named 'services.mega_mind_service'
2025-07-26 22:53:27,221 - main - INFO - Iniciando AI Trading System...
2025-07-26 22:53:27,221 - main - INFO - AI Trading System iniciado correctamente
2025-07-26 22:53:53,086 - main - INFO - Deteniendo AI Trading System...
2025-07-26 22:54:02,931 - api.mega_mind_routes - ERROR - Error importing MegaMindService: No module named 'services.mega_mind_service'
2025-07-26 22:54:03,143 - main - INFO - Iniciando AI Trading System...
2025-07-26 22:54:03,144 - main - INFO - AI Trading System iniciado correctamente
2025-07-26 22:54:50,691 - main - INFO - Deteniendo AI Trading System...
2025-07-26 22:55:01,554 - api.mega_mind_routes - ERROR - Error importing MegaMindService: No module named 'services.mega_mind_service'
2025-07-26 22:55:01,670 - main - INFO - Iniciando AI Trading System...
2025-07-26 22:55:01,671 - main - INFO - AI Trading System iniciado correctamente
2025-07-26 23:19:24,331 - api.mega_mind_routes - ERROR - Error importing MegaMindService: No module named 'services.mega_mind_service'
2025-07-26 23:19:24,426 - main - INFO - Iniciando AI Trading System...
2025-07-26 23:19:24,426 - main - INFO - AI Trading System iniciado correctamente
2025-07-26 23:31:15,146 - main - INFO - Deteniendo AI Trading System...
2025-07-26 23:31:44,560 - api.mega_mind_routes - ERROR - Error importing MegaMindService: No module named 'services.mega_mind_service'
2025-07-26 23:31:44,643 - main - INFO - Iniciando AI Trading System...
2025-07-26 23:31:44,644 - main - INFO - AI Trading System iniciado correctamente
2025-07-27 10:24:42,958 - api.mega_mind_routes - ERROR - Error importing MegaMindService: No module named 'services.mega_mind_service'
2025-07-27 10:27:01,252 - api.mega_mind_routes - ERROR - Error importing MegaMindService: No module named 'services.mega_mind_service'
2025-07-27 10:27:01,348 - main - INFO - Iniciando AI Trading System...
2025-07-27 10:27:01,348 - main - INFO - AI Trading System iniciado correctamente
2025-07-27 10:27:29,305 - main - INFO - Deteniendo AI Trading System...
2025-07-27 10:27:33,415 - api.mega_mind_routes - ERROR - Error importing MegaMindService: No module named 'services.mega_mind_service'
2025-07-27 10:27:33,499 - main - INFO - Iniciando AI Trading System...
2025-07-27 10:27:33,499 - main - INFO - AI Trading System iniciado correctamente
2025-07-27 10:27:50,119 - api.mega_mind_routes - ERROR - Error importing MegaMindService: No module named 'services.mega_mind_service'
2025-07-27 10:27:50,236 - main - INFO - Iniciando AI Trading System...
2025-07-27 10:27:50,236 - main - INFO - AI Trading System iniciado correctamente
2025-07-27 10:32:58,339 - api.auth_routes - ERROR - Error en login: (MySQLdb.OperationalError) (2002, "Can't connect to server on 'localhost' (10061)")
(Background on this error at: https://sqlalche.me/e/20/e3q8)
2025-07-27 10:36:49,864 - api.auth_routes - ERROR - Error en login: (MySQLdb.OperationalError) (2002, "Can't connect to server on 'localhost' (10061)")
(Background on this error at: https://sqlalche.me/e/20/e3q8)
2025-07-27 10:37:03,033 - api.auth_routes - ERROR - Error en login: (MySQLdb.OperationalError) (2002, "Can't connect to server on 'localhost' (10061)")
(Background on this error at: https://sqlalche.me/e/20/e3q8)
2025-07-27 10:54:43,775 - main - INFO - Deteniendo AI Trading System...
2025-07-27 10:54:57,883 - api.mega_mind_routes - ERROR - Error importing MegaMindService: No module named 'services.mega_mind_service'
2025-07-27 10:54:58,091 - main - INFO - Iniciando AI Trading System...
2025-07-27 10:54:58,091 - main - INFO - AI Trading System iniciado correctamente
2025-07-27 10:59:38,346 - api.mega_mind_routes - ERROR - Error importing MegaMindService: No module named 'services.mega_mind_service'
2025-07-27 10:59:38,501 - main - INFO - Iniciando AI Trading System...
2025-07-27 10:59:38,502 - main - INFO - AI Trading System iniciado correctamente
