{
  "pair": "USDJPY",
  "style": "position_trading",
  "accuracies": {
    "rf": 0.7333333333333333,
    "gb": 0.8666666666666667,
    "et": 0.8952380952380953,
    "xgb": 0.8952380952380953,
    "lgb": 1.0,
    "mlp": 0.37142857142857144
  },
  "trading_results": {
    "initial_balance": 10000,
    "final_balance": 12000,
    "total_trades": 5,
    "winning_trades": 3,
    "win_rate": 0.6,
    "lot_size": 1.0,
    "sl_pips": 50,
    "tp_pips": 100
  },
  "config": {
    "period": "2y",
    "interval": "1d",
    "target_horizon": 168,
    "pip_threshold": 50
  },
  "timestamp": "2025-07-24T00:59:57.765704"
}