{
  "pair": "AUDUSD",
  "style": "swing_trading",
  "accuracies": {
    "rf": 0.8846153846153846,
    "gb": 1.0,
    "et": 0.9615384615384616,
    "xgb": 0.8461538461538461,
    "lgb": 0.8076923076923077,
    "mlp": 0.6538461538461539
  },
  "trading_results": {
    "initial_balance": 10000,
    "final_balance": 9700,
    "total_trades": 1,
    "winning_trades": 0,
    "win_rate": 0.0,
    "lot_size": 0.5,
    "sl_pips": 30,
    "tp_pips": 60
  },
  "config": {
    "period": "6mo",
    "interval": "1d",
    "target_horizon": 48,
    "pip_threshold": 20
  },
  "timestamp": "2025-07-24T01:00:16.496904"
}