{
  "pair": "USDCAD",
  "style": "scalping",
  "accuracies": {
    "rf": 0.8859649122807017,
    "gb": 1.0,
    "et": 0.9298245614035088,
    "xgb": 0.9736842105263158,
    "lgb": 1.0,
    "mlp": 0.9473684210526315
  },
  "trading_results": {
    "initial_balance": 10000,
    "final_balance": 10200,
    "total_trades": 5,
    "winning_trades": 3,
    "win_rate": 0.6,
    "lot_size": 0.1,
    "sl_pips": 5,
    "tp_pips": 10
  },
  "config": {
    "period": "7d",
    "interval": "15m",
    "target_horizon": 5,
    "pip_threshold": 5
  },
  "timestamp": "2025-07-24T01:00:25.865051"
}